Timestamp,x,y,z,yaw
1.73736e+09,0.890999,-0.85989,0,0.0282532
1.73736e+09,0.930704,-0.886092,0,-0.0722572
1.73736e+09,1.15329,-1.00213,0,-0.778789
1.73736e+09,1.29816,-0.860821,0,-1.40167
1.73736e+09,1.29816,-0.860821,0,-1.40167
1.73736e+09,1.30489,-1.14922,0,-1.74569
1.73736e+09,1.96679,-1.75361,0,-2.10699
1.73736e+09,1.8724,-1.68148,0,-2.11499
1.73736e+09,1.87383,-1.68234,0,-2.10728
1.73736e+09,2.12488,-1.62013,0,-2.00845
1.73736e+09,2.14373,-1.64298,0,-2.0213
1.73736e+09,2.14373,-1.64298,0,-2.0213
1.73736e+09,2.28689,-1.77593,0,-1.9846
1.73736e+09,2.21208,-1.81585,0,-1.97257
1.73736e+09,2.21208,-1.81585,0,-1.97257
1.73736e+09,2.23996,-1.74766,0,-2.03362
1.73736e+09,2.19376,-1.84983,0,-2.17378
1.73736e+09,2.28901,-1.89911,0,-2.18216
1.73736e+09,2.28073,-1.88962,0,-2.17918
1.73736e+09,2.16051,-1.81398,0,-2.20961
1.73736e+09,2.14472,-1.79719,0,-2.20126
1.73736e+09,2.14472,-1.79719,0,-2.20126
1.73736e+09,2.10488,-1.89023,0,-2.24871
1.73736e+09,2.05689,-1.88189,0,-2.34361
1.73736e+09,2.05689,-1.88189,0,-2.34361
1.73736e+09,2.14662,-1.88471,0,-2.48611
1.73736e+09,2.25564,-1.69972,0,-2.42535
1.73736e+09,1.92803,-1.70988,0,2.9315
1.73736e+09,1.92803,-1.70988,0,2.9315
1.73736e+09,2.03234,-1.62984,0,2.55896
1.73736e+09,1.94374,-1.61061,0,2.58559
1.73736e+09,1.94374,-1.61061,0,2.58559
1.73736e+09,1.7407,-1.58561,0,2.6301
1.73736e+09,1.70538,-1.59958,0,2.5713
1.73736e+09,1.56403,-1.4745,0,2.43347
1.73736e+09,1.04965,-1.01041,0,1.9791
1.73736e+09,1.12151,-0.713077,0,1.32881
1.73736e+09,1.13421,-0.71743,0,1.34611
1.73736e+09,1.1316,-0.690884,0,1.30817
1.73736e+09,1.17439,-0.667268,0,1.28953
1.73736e+09,1.1248,-0.665343,0,1.20534
1.73736e+09,1.12481,-0.665345,0,1.20518
1.73736e+09,1.12484,-0.665436,0,1.20455
1.73736e+09,1.12491,-0.665339,0,1.20441
1.73736e+09,1.12491,-0.665339,0,1.20441
1.73736e+09,1.12356,-0.665028,0,1.18506
1.73736e+09,1.12505,-0.665354,0,1.20462
1.73736e+09,1.12488,-0.66533,0,1.204
1.73736e+09,1.1249,-0.665343,0,1.20418
1.73736e+09,1.12493,-0.665351,0,1.20426
1.73736e+09,1.12602,-0.665755,0,1.22118
1.73736e+09,1.12602,-0.66576,0,1.2213
1.73736e+09,1.12606,-0.665724,0,1.22175
1.73736e+09,1.12718,-0.666228,0,1.23907
1.73736e+09,1.12718,-0.666228,0,1.23907
1.73736e+09,1.12625,-0.665647,0,1.22283
1.73736e+09,1.12501,-0.66557,0,1.20386
1.73736e+09,1.12499,-0.665275,0,1.20429
1.73736e+09,1.12495,-0.665318,0,1.20429
1.73736e+09,1.12379,-0.664913,0,1.18678
1.73736e+09,1.1251,-0.665246,0,1.20429
1.73736e+09,1.12507,-0.665264,0,1.20429
1.73736e+09,1.12492,-0.665422,0,1.20404
1.73736e+09,1.12491,-0.665327,0,1.20454
1.73736e+09,1.12491,-0.665327,0,1.20454
1.73736e+09,1.12464,-0.665662,0,1.2021
1.73736e+09,1.12434,-0.664709,0,1.19513
1.73736e+09,1.12469,-0.665723,0,1.20298
1.73736e+09,1.12552,-0.665795,0,1.21461
1.73736e+09,1.12503,-0.665369,0,1.20592
1.73736e+09,1.12516,-0.66525,0,1.20476
1.73736e+09,1.12512,-0.665269,0,1.20467
1.73736e+09,1.12375,-0.664951,0,1.18702
1.73736e+09,1.12491,-0.665335,0,1.20429
1.73736e+09,1.12491,-0.665335,0,1.20429
1.73736e+09,1.12587,-0.66583,0,1.22101
1.73736e+09,1.1249,-0.665129,0,1.20396
1.73736e+09,1.12475,-0.665671,0,1.20352
1.73736e+09,1.12485,-0.665479,0,1.20398
1.73736e+09,1.12492,-0.66535,0,1.20429
1.73736e+09,1.12502,-0.665366,0,1.20476
1.73736e+09,1.12501,-0.665363,0,1.20469
1.73736e+09,1.12614,-0.665692,0,1.22232
1.73736e+09,1.12493,-0.615428,0,1.20429
1.73736e+09,1.12493,-0.615428,0,1.20429
1.73736e+09,1.12602,-0.665533,0,1.22207
1.73736e+09,1.12494,-0.6656,0,1.20491
1.73736e+09,1.12469,-0.665486,0,1.20289
1.73736e+09,1.12482,-0.665406,0,1.20372
1.73736e+09,1.12494,-0.665319,0,1.20435
1.73736e+09,1.1236,-0.66518,0,1.1858
1.73736e+09,1.12363,-0.665134,0,1.18597
1.73736e+09,1.12482,-0.665212,0,1.20405
1.73736e+09,1.12494,-0.665374,0,1.20448
1.73736e+09,1.12494,-0.665374,0,1.20448
1.73736e+09,1.12501,-0.66531,0,1.20429
1.73736e+09,1.12497,-0.665382,0,1.20398
1.73736e+09,1.12509,-0.665339,0,1.20516
1.73736e+09,1.12419,-0.66505,0,1.19266
1.73736e+09,1.12481,-0.618893,0,1.20299
1.73736e+09,1.12528,-0.665112,0,1.20462
1.73736e+09,1.1252,-0.665166,0,1.20454
1.73736e+09,1.12482,-0.665529,0,1.20389
1.73736e+09,1.12491,-0.665317,0,1.20417
1.73736e+09,1.12491,-0.665317,0,1.20417
1.73736e+09,1.12401,-0.664936,0,1.18818
1.73736e+09,1.125,-0.66541,0,1.20508
1.73736e+09,1.12487,-0.665396,0,1.20429
1.73736e+09,1.12489,-0.665372,0,1.20429
1.73736e+09,1.12605,-0.665498,0,1.22085
1.73736e+09,1.12485,-0.665485,0,1.20373
1.73736e+09,1.12487,-0.665455,0,1.20386
1.73736e+09,1.12498,-0.665376,0,1.20406
1.73736e+09,1.12494,-0.665326,0,1.20453
1.73736e+09,1.12494,-0.665326,0,1.20453
1.73736e+09,1.12486,-0.665554,0,1.20397
1.73736e+09,1.12378,-0.664836,0,1.18684
1.73736e+09,1.1228,-0.664463,0,1.17098
1.73736e+09,1.12269,-0.664444,0,1.16987
1.73736e+09,1.12377,-0.66489,0,1.18676
1.73736e+09,1.12516,-0.665436,0,1.20372
1.73736e+09,1.12513,-0.665425,0,1.20379
1.73736e+09,1.12376,-0.664826,0,1.18729
1.73736e+09,1.12377,-0.66493,0,1.18659
1.73736e+09,1.12377,-0.66493,0,1.18659
1.73736e+09,1.1249,-0.665257,0,1.20366
1.73736e+09,1.12385,-0.664819,0,1.18708
1.73736e+09,1.12381,-0.66475,0,1.18714
1.73736e+09,1.12379,-0.664834,0,1.18697
1.73736e+09,1.12373,-0.664928,0,1.18677
1.73736e+09,1.12518,-0.664834,0,1.20429
1.73736e+09,1.12515,-0.664902,0,1.20429
1.73736e+09,1.12317,-0.664702,0,1.1785
1.73736e+09,1.12237,-0.664364,0,1.16582
1.73736e+09,1.12237,-0.664364,0,1.16582
1.73736e+09,1.12496,-0.665259,0,1.20429
1.73736e+09,1.12601,-0.666105,0,1.22137
1.73736e+09,1.12492,-0.66544,0,1.20429
1.73736e+09,1.12492,-0.665384,0,1.20429
1.73736e+09,1.12493,-0.665344,0,1.20429
1.73736e+09,1.12452,-0.665519,0,1.20306
1.73736e+09,1.12459,-0.665492,0,1.20326
1.73736e+09,1.12387,-0.665014,0,1.18715
1.73736e+09,1.12494,-0.665326,0,1.20448
1.73736e+09,1.12494,-0.665326,0,1.20448
1.73736e+09,1.12343,-0.664815,0,1.18716
1.73736e+09,1.12397,-0.664977,0,1.18635
1.73736e+09,1.12476,-0.665298,0,1.2032
1.73736e+09,1.12485,-0.66533,0,1.20385
1.73736e+09,1.12491,-0.665359,0,1.20428
1.73736e+09,1.12396,-0.664803,0,1.18776
1.73736e+09,1.12393,-0.664823,0,1.18758
1.73736e+09,1.12387,-0.664812,0,1.18714
1.73736e+09,1.1249,-0.66539,0,1.20386
1.73736e+09,1.1249,-0.66539,0,1.20386
1.73736e+09,1.12485,-0.665028,0,1.20612
1.73736e+09,1.12497,-0.665382,0,1.20464
1.73736e+09,1.12461,-0.665568,0,1.20304
1.73736e+09,1.12478,-0.665451,0,1.20372
1.73736e+09,1.12495,-0.665303,0,1.20441
1.73736e+09,1.12375,-0.66497,0,1.18684
1.73736e+09,1.12376,-0.664962,0,1.18684
1.73736e+09,1.12387,-0.664865,0,1.18741
1.73736e+09,1.12455,-0.665312,0,1.1992
1.73736e+09,1.12455,-0.665312,0,1.1992
1.73736e+09,1.125,-0.665377,0,1.20557
1.73736e+09,1.12369,-0.66492,0,1.18614
1.73736e+09,1.12361,-0.664853,0,1.18627
1.73736e+09,1.12373,-0.664888,0,1.18667
1.73736e+09,1.12721,-0.666187,0,1.23909
1.73736e+09,1.1273,-0.666494,0,1.23994
1.73736e+09,1.12729,-0.666459,0,1.23986
1.73736e+09,1.12506,-0.66515,0,1.20489
1.73736e+09,1.12608,-0.665844,0,1.22175
1.73736e+09,1.12608,-0.665844,0,1.22175
1.73736e+09,1.12598,-0.665737,0,1.22279
1.73736e+09,1.12491,-0.665344,0,1.20364
1.73736e+09,1.12481,-0.665339,0,1.20325
1.73736e+09,1.12486,-0.665345,0,1.20378
1.73736e+09,1.12489,-0.665371,0,1.2052
1.73736e+09,1.12508,-0.664889,0,1.20429
1.73736e+09,1.12504,-0.664997,0,1.20429
1.73736e+09,1.12483,-0.665501,0,1.20404
1.73736e+09,1.12489,-0.665338,0,1.20429
1.73736e+09,1.12489,-0.665338,0,1.20429
1.73736e+09,1.12461,-0.665689,0,1.2037
1.73736e+09,1.12448,-0.665098,0,1.19805
1.73736e+09,1.12381,-0.66495,0,1.18633
1.73736e+09,1.12452,-0.665224,0,1.19797
1.73736e+09,1.12492,-0.665326,0,1.20444
1.73736e+09,1.12377,-0.665235,0,1.18574
1.73736e+09,1.12378,-0.665188,0,1.1859
1.73736e+09,1.12429,-0.665121,0,1.19458
1.73736e+09,1.12496,-0.665384,0,1.20451
1.73736e+09,1.12496,-0.665384,0,1.20451
1.73736e+09,1.12491,-0.665136,0,1.20429
1.73736e+09,1.1248,-0.665484,0,1.20354
1.73736e+09,1.12402,-0.66454,0,1.18768
1.73736e+09,1.12388,-0.664741,0,1.18721
1.73736e+09,1.12473,-0.6653,0,1.20214
1.73736e+09,1.125,-0.665264,0,1.20495
1.73736e+09,1.12498,-0.66528,0,1.20483
1.73736e+09,1.12609,-0.665572,0,1.22191
1.73736e+09,1.12382,-0.66489,0,1.18684
1.73736e+09,1.12382,-0.66489,0,1.18684
1.73736e+09,1.12486,-0.665531,0,1.20338
1.73736e+09,1.12494,-0.66521,0,1.20528
1.73736e+09,1.12484,-0.665368,0,1.20352
1.73736e+09,1.12489,-0.665358,0,1.20398
1.73736e+09,1.12607,-0.665768,0,1.22171
1.73736e+09,1.12477,-0.61561,0,1.20429
1.73736e+09,1.12479,-0.615577,0,1.20429
1.73736e+09,1.12364,-0.664862,0,1.18684
1.73736e+09,1.12497,-0.665388,0,1.20403
1.73736e+09,1.12497,-0.665388,0,1.20403
1.73736e+09,1.12483,-0.665608,0,1.20524
1.73736e+09,1.12507,-0.665261,0,1.20429
1.73736e+09,1.12489,-0.615478,0,1.20378
1.73736e+09,1.1249,-0.615408,0,1.20406
1.73736e+09,1.12379,-0.664891,0,1.18697
1.73736e+09,1.12466,-0.665808,0,1.2032
1.73736e+09,1.12448,-0.665664,0,1.20014
1.73736e+09,1.1243,-0.665116,0,1.19466
1.73736e+09,1.12409,-0.664897,0,1.19106
1.73736e+09,1.12409,-0.664897,0,1.19106
1.73736e+09,1.12384,-0.665237,0,1.18684
1.73736e+09,1.12377,-0.664884,0,1.18736
1.73736e+09,1.12382,-0.664905,0,1.18684
1.73736e+09,1.1238,-0.664904,0,1.18684
1.73736e+09,1.12262,-0.614451,0,1.16933
1.73736e+09,1.12402,-0.664627,0,1.18803
1.73736e+09,1.12399,-0.664668,0,1.18785
1.73736e+09,1.12588,-0.665677,0,1.22156
1.73736e+09,1.12496,-0.665366,0,1.2046
1.73736e+09,1.12496,-0.665366,0,1.2046
1.73736e+09,1.12503,-0.665596,0,1.20396
1.73736e+09,1.12504,-0.665283,0,1.20493
1.73736e+09,-0.352698,-0.278424,0,-0.068045
1.73736e+09,-0.352527,-0.27845,0,-0.0675561
1.73736e+09,-0.00254631,-0.330908,0,-0.0323733
1.73736e+09,-0.00173542,-0.330813,0,-0.0320461
1.73736e+09,-0.00188647,-0.33083,0,-0.0321066
1.73736e+09,-0.00253161,-0.330856,0,-0.0317986
1.73736e+09,-0.00254485,-0.33093,0,-0.0322337
1.73736e+09,-0.00254485,-0.33093,0,-0.0322337
1.73736e+09,-0.00246573,-0.330972,0,-0.0323733
1.73736e+09,-0.00263886,-0.330962,0,-0.0326649
1.73736e+09,-0.00246998,-0.33088,0,-0.0323733
1.73736e+09,-0.00251315,-0.330893,0,-0.0323733
1.73736e+09,-0.00260371,-0.330871,0,-0.0326146
1.73736e+09,-0.0022293,-0.330868,0,-0.0323733
1.73736e+09,-0.0022722,-0.330873,0,-0.0323733
1.73736e+09,-0.0025937,-0.330902,0,-0.0323733
1.73736e+09,-0.00252892,-0.33096,0,-0.0322376
1.73736e+09,-0.00252892,-0.33096,0,-0.0322376
1.73736e+09,-0.00259883,-0.33076,0,-0.0328851
1.73736e+09,-0.00248956,-0.330935,0,-0.0321413
1.73736e+09,-0.00289649,-0.331057,0,-0.0323733
1.73736e+09,-0.00270153,-0.330971,0,-0.0323733
1.73736e+09,-0.00252893,-0.330915,0,-0.0322998
1.73736e+09,-0.00259674,-0.330798,0,-0.0336072
1.73736e+09,-0.00259003,-0.330814,0,-0.0334195
1.73736e+09,-0.00248476,-0.330943,0,-0.0318856
1.73736e+09,-0.00258149,-0.330861,0,-0.0327001
1.73736e+09,-0.00258149,-0.330861,0,-0.0327001
1.73736e+09,-0.00210209,-0.331069,0,-0.031384
1.73736e+09,-0.00266658,-0.330719,0,-0.0323733
1.73736e+09,-0.00295272,-0.330963,0,-0.033358
1.73736e+09,-0.00273952,-0.330932,0,-0.0328335
1.73736e+09,-0.00253607,-0.330919,0,-0.032257
1.73736e+09,-0.0026776,-0.330725,0,-0.0326961
1.73736e+09,-0.00264826,-0.330767,0,-0.0326205
1.73736e+09,-0.00258882,-0.331016,0,-0.0323733
1.73736e+09,-0.00247526,-0.330923,0,-0.0319602
1.73736e+09,-0.00247526,-0.330923,0,-0.0319602
1.73736e+09,-0.00270223,-0.331022,0,-0.0326832
1.73736e+09,-0.00226177,-0.330862,0,-0.0323733
1.73736e+09,-0.00294954,-0.330905,0,-0.0335379
1.73736e+09,-0.00266248,-0.330905,0,-0.032696
1.73736e+09,-0.00257165,-0.33087,0,-0.0324528
1.73736e+09,-0.00254862,-0.330906,0,-0.0323733
1.73736e+09,-0.00254862,-0.330906,0,-0.0323733
1.73736e+09,-0.00256445,-0.330803,0,-0.0323733
1.73736e+09,-0.00249357,-0.331028,0,-0.0319161
1.73736e+09,-0.00249357,-0.331028,0,-0.0319161
1.73736e+09,-0.00259827,-0.330886,0,-0.0324875
1.73736e+09,-0.00240542,-0.331005,0,-0.0313936
1.73736e+09,-0.00253547,-0.330808,0,-0.0323733
1.73736e+09,-0.00254207,-0.330846,0,-0.0323733
1.73736e+09,-0.00255341,-0.330893,0,-0.0323733
1.73736e+09,-0.00255829,-0.330882,0,-0.0324331
1.73736e+09,-0.00255829,-0.330882,0,-0.0324331
1.73736e+09,-0.00243957,-0.331161,0,-0.0323733
1.73736e+09,-0.00269387,-0.330873,0,-0.0323733
1.73736e+09,-0.00269387,-0.330873,0,-0.0323733
1.73736e+09,-0.00253592,-0.3309,0,-0.0322888
1.73736e+09,-0.00265742,-0.330871,0,-0.0329019
1.73736e+09,-0.002152,-0.330925,0,-0.0323733
1.73736e+09,-0.00224991,-0.33092,0,-0.0323733
1.73736e+09,-0.0026371,-0.330843,0,-0.0323733
1.73736e+09,-0.00250755,-0.331061,0,-0.0329555
1.73736e+09,-0.00251181,-0.331046,0,-0.0329001
1.73736e+09,-0.00282169,-0.330982,0,-0.0323733
1.73736e+09,-0.00243426,-0.330827,0,-0.0325639
1.73736e+09,-0.00243426,-0.330827,0,-0.0325639
1.73736e+09,-0.00256023,-0.330919,0,-0.0323733
1.73736e+09,-0.00255114,-0.330911,0,-0.0323733
1.73736e+09,-0.00280525,-0.330753,0,-0.033216
1.73736e+09,-0.00273406,-0.330796,0,-0.0329787
1.73736e+09,-0.00247469,-0.33093,0,-0.0319944
1.73736e+09,-0.00262813,-0.33056,0,-0.0334382
1.73736e+09,-0.00262165,-0.330589,0,-0.0333469
1.73736e+09,-0.00215401,-0.331003,0,-0.0311649
1.73736e+09,-0.00228409,-0.330965,0,-0.0319656
1.73736e+09,-0.00228409,-0.330965,0,-0.0319656
1.73736e+09,-0.00265408,-0.330873,0,-0.0326856
1.73736e+09,-0.00230475,-0.331072,0,-0.0312814
1.73736e+09,-0.00284587,-0.331185,0,-0.0326901
1.73736e+09,-0.0027576,-0.3311,0,-0.0325948
1.73736e+09,-0.00253604,-0.330823,0,-0.0327449
1.73736e+09,-0.00233871,-0.331094,0,-0.0312281
1.73736e+09,-0.00233871,-0.331094,0,-0.0312281
1.73736e+09,-0.00243514,-0.330677,0,-0.0323733
1.73736e+09,-0.0027148,-0.331039,0,-0.0320179
1.73736e+09,-0.0027148,-0.331039,0,-0.0320179
1.73736e+09,-0.00257362,-0.330906,0,-0.0321967
1.73736e+09,-0.00293061,-0.331056,0,-0.0329653
1.73736e+09,-0.00249446,-0.330737,0,-0.0328254
1.73736e+09,-0.00250973,-0.330781,0,-0.0327062
1.73736e+09,-0.00254187,-0.330901,0,-0.0320388
1.73736e+09,-0.00243615,-0.330862,0,-0.0323733
1.73736e+09,-0.00243726,-0.330862,0,-0.0323733
1.73736e+09,-0.00259682,-0.33083,0,-0.0323733
1.73736e+09,-0.00259051,-0.330875,0,-0.0329796
1.73736e+09,-0.00259051,-0.330875,0,-0.0329796
1.73736e+09,-0.00258162,-0.330909,0,-0.0324624
1.73736e+09,-0.0025187,-0.331004,0,-0.0314297
1.73736e+09,-0.00227329,-0.330845,0,-0.0313355
1.73736e+09,-0.00236889,-0.330866,0,-0.0316908
1.73736e+09,-0.00276098,-0.33097,0,-0.0326635
1.73736e+09,-0.00254133,-0.330893,0,-0.032298
1.73736e+09,-0.00254133,-0.330893,0,-0.032298
1.73736e+09,-0.00237872,-0.330912,0,-0.0323733
1.73736e+09,-0.00255305,-0.330846,0,-0.0323733
1.73736e+09,-0.00255305,-0.330846,0,-0.0323733
1.73736e+09,-0.00253912,-0.330894,0,-0.0325529
1.73736e+09,-0.00251003,-0.330924,0,-0.0319128
1.73736e+09,-0.00232027,-0.330835,0,-0.0328123
1.73736e+09,-0.00240839,-0.330861,0,-0.0326456
1.73736e+09,-0.00253409,-0.330992,0,-0.0323733
1.73736e+09,-0.00274688,-0.330711,0,-0.0336128
1.73736e+09,-0.00274403,-0.330713,0,-0.0335946
1.73736e+09,-0.002415,-0.331002,0,-0.031273
1.73736e+09,-0.00275614,-0.330742,0,-0.0327674
1.73736e+09,-0.00275614,-0.330742,0,-0.0327674
1.73736e+09,-0.00254985,-0.330926,0,-0.032324
1.73736e+09,-0.00206675,-0.330992,0,-0.0329523
1.73736e+09,-0.0026559,-0.331107,0,-0.0323733
1.73736e+09,-0.00262695,-0.33105,0,-0.0323733
1.73736e+09,-0.00255036,-0.330875,0,-0.0323733
1.73736e+09,-0.00254221,-0.330888,0,-0.032455
1.73736e+09,-0.00254221,-0.330888,0,-0.032455
1.73736e+09,-0.00286834,-0.33103,0,-0.0326473
1.73736e+09,-0.00235789,-0.330795,0,-0.0321255
1.73736e+09,-0.00235789,-0.330795,0,-0.0321255
1.73736e+09,-0.00256811,-0.330958,0,-0.0323733
1.73736e+09,-0.00253887,-0.330985,0,-0.0323733
1.73736e+09,-0.00246576,-0.331003,0,-0.0319221
1.73736e+09,-0.00248939,-0.330976,0,-0.0320452
1.73736e+09,-0.00256114,-0.33092,0,-0.0326752
1.73736e+09,-0.00255893,-0.330909,0,-0.0323733
1.73736e+09,-0.00255893,-0.330909,0,-0.0323733
1.73736e+09,-0.00251964,-0.330883,0,-0.0319608
1.73736e+09,-0.00273747,-0.330849,0,-0.0330613
1.73736e+09,-0.00273747,-0.330849,0,-0.0330613
1.73736e+09,-0.00249901,-0.330889,0,-0.0321544
1.73736e+09,-0.00274861,-0.331063,0,-0.0323733
1.73736e+09,-0.0025592,-0.330967,0,-0.0329245
1.73736e+09,-0.00255731,-0.33095,0,-0.0327721
1.73736e+09,-0.00245632,-0.331005,0,-0.0319319
1.73736e+09,-0.0025568,-0.330903,0,-0.0322608
1.73736e+09,-0.0025568,-0.330903,0,-0.0322608
1.73736e+09,-0.0031044,-0.330971,0,-0.0327896
1.73736e+09,-0.00242469,-0.330872,0,-0.0330364
1.73736e+09,-0.00242469,-0.330872,0,-0.0330364
1.73736e+09,-0.00252348,-0.330964,0,-0.0321183
1.73736e+09,-0.0024011,-0.330669,0,-0.0320717
1.73736e+09,-0.00220131,-0.330962,0,-0.0318395
1.73736e+09,-0.00234249,-0.330939,0,-0.0320542
1.73736e+09,-0.00251769,-0.33094,0,-0.0319989
1.73736e+09,-0.00259492,-0.330899,0,-0.0324515
1.73736e+09,-0.00259492,-0.330899,0,-0.0324515
1.73736e+09,-0.00207064,-0.330953,0,-0.0321046
1.73736e+09,-0.00247522,-0.330967,0,-0.0316814
1.73736e+09,-0.00247522,-0.330967,0,-0.0316814
1.73736e+09,-0.00251936,-0.330837,0,-0.0325485
1.73736e+09,-0.00260191,-0.330919,0,-0.0312558
1.73736e+09,-0.00262055,-0.330939,0,-0.0329053
1.73736e+09,-0.00259288,-0.330925,0,-0.0326894
1.73736e+09,-0.00246781,-0.330982,0,-0.0323733
1.73736e+09,-0.00254962,-0.330912,0,-0.0323733
1.73736e+09,-0.00254962,-0.330912,0,-0.0323733
1.73736e+09,-0.00230753,-0.33085,0,-0.0323733
1.73736e+09,-0.00263436,-0.330844,0,-0.0323733
1.73736e+09,-0.00263436,-0.330844,0,-0.0323733
1.73736e+09,-0.00244622,-0.330906,0,-0.0323733
1.73736e+09,-0.00264576,-0.330962,0,-0.0318337
1.73736e+09,-0.00233437,-0.330897,0,-0.0323733
1.73736e+09,-0.00242735,-0.3309,0,-0.0323733
1.73736e+09,-0.00259568,-0.330881,0,-0.0326649
1.73736e+09,-0.00198665,-0.330983,0,-0.0310838
1.73736e+09,-0.00199009,-0.330982,0,-0.0310916
1.73736e+09,-0.00258963,-0.331037,0,-0.0327606
1.73736e+09,-0.00258737,-0.330812,0,-0.0328526
1.73736e+09,-0.00258737,-0.330812,0,-0.0328526
1.73736e+09,-0.00254414,-0.330911,0,-0.032361
1.73736e+09,-0.00249806,-0.330808,0,-0.0329333
1.73736e+09,-0.00255005,-0.33049,0,-0.0331932
1.73736e+09,-0.0025509,-0.330639,0,-0.0328995
1.73736e+09,-0.00261972,-0.330914,0,-0.0325255
1.73736e+09,-0.00241794,-0.330744,0,-0.0316841
1.73736e+09,-0.0024188,-0.330745,0,-0.0316884
1.73736e+09,-0.0022027,-0.331128,0,-0.0320965
1.73736e+09,-0.00244638,-0.330884,0,-0.0319218
1.73736e+09,-0.00244638,-0.330884,0,-0.0319218
1.73736e+09,-0.00255012,-0.33091,0,-0.0323467
1.73736e+09,-0.00259415,-0.330879,0,-0.033557
1.73736e+09,-0.00296166,-0.331009,0,-0.0323733
1.73736e+09,-0.00279336,-0.330966,0,-0.0323733
1.73736e+09,-0.00242363,-0.330928,0,-0.0317667
1.73736e+09,-0.00259185,-0.330893,0,-0.0324652
1.73736e+09,-0.00259185,-0.330893,0,-0.0324652
1.73736e+09,-0.00255039,-0.330897,0,-0.0327679
1.73736e+09,-0.00254754,-0.330863,0,-0.0323733
1.73736e+09,-0.00254754,-0.330863,0,-0.0323733
1.73736e+09,-0.00255718,-0.330912,0,-0.0323733
1.73736e+09,-0.00202605,-0.330557,0,-0.0323733
1.73736e+09,-0.00265304,-0.331052,0,-0.0335928
1.73736e+09,-0.00262053,-0.331004,0,-0.0331982
1.73736e+09,-0.002504,-0.330849,0,-0.031938
1.73736e+09,-0.00253721,-0.330851,0,-0.0309172
1.73736e+09,-0.00253752,-0.330852,0,-0.0309466
1.73736e+09,-0.00220409,-0.330661,0,-0.0323733
1.73736e+09,-0.00275503,-0.330935,0,-0.0323733
1.73736e+09,-0.00275503,-0.330935,0,-0.0323733
1.73736e+09,-0.00245287,-0.331189,0,-0.0317752
1.73736e+09,-0.00236246,-0.330897,0,-0.0313579
1.73736e+09,-0.00225291,-0.33078,0,-0.0323733
1.73736e+09,-0.00234135,-0.330817,0,-0.0323733
1.73736e+09,-0.00267457,-0.332154,0,-0.0150412
1.73736e+09,-0.00230664,-0.332044,0,-0.0141749
1.73736e+09,-0.00230664,-0.332044,0,-0.0141749
1.73736e+09,-0.000735418,-0.382983,0,0.00253332
1.73736e+09,0.00297821,-0.383911,0,0.0166445
1.73736e+09,0.00297821,-0.383911,0,0.0166445
1.73736e+09,-0.00215461,-0.333311,0,0.00495713
1.73736e+09,-0.00229422,-0.333655,0,0.00375001
1.73736e+09,-0.00270509,-0.333297,0,0.00284073
1.73736e+09,-0.00265704,-0.333318,0,0.00271373
1.73736e+09,-0.00185499,-0.333266,0,0.00462301
1.73736e+09,0.00109026,-0.336205,0,0.0534432
1.73736e+09,0.00105765,-0.336201,0,0.0533016
1.73736e+09,-0.000683543,-0.336234,0,0.0462216
1.73736e+09,0.0509534,-0.390422,0,0.120134
1.73736e+09,0.0509534,-0.390422,0,0.120134
1.73736e+09,0.0482841,-0.391938,0,0.126032
1.73736e+09,0.0532928,-0.394989,0,0.180152
1.73736e+09,0.0533684,-0.344207,0,0.158618
1.73736e+09,0.0518878,-0.343889,0,0.154012
1.73736e+09,0.0498601,-0.342425,0,0.145044
1.73736e+09,0.0486087,-0.344146,0,0.160819
1.73736e+09,0.0486087,-0.344146,0,0.160819
1.73736e+09,0.0489996,-0.344357,0,0.160307
1.73736e+09,0.0481266,-0.344502,0,0.160071
1.73736e+09,0.0481266,-0.344502,0,0.160071
1.73736e+09,0.0483757,-0.344286,0,0.159796
1.73736e+09,0.0481049,-0.343689,0,0.158769
1.73736e+09,0.0492726,-0.344397,0,0.147116
1.73736e+09,0.0487489,-0.343309,0,0.136664
1.73736e+09,0.0497104,-0.341532,0,0.119405
1.73736e+09,0.0481983,-0.341861,0,0.124468
1.73736e+09,0.0481983,-0.341861,0,0.124468
1.73736e+09,0.0473751,-0.342139,0,0.124993
1.73736e+09,0.0479806,-0.341941,0,0.124234
1.73736e+09,0.0479806,-0.341941,0,0.124234
1.73736e+09,0.103962,-0.343422,0,0.147011
1.73736e+09,0.0974578,-0.343249,0,0.1671
1.73736e+09,0.0976249,-0.344199,0,0.163953
1.73736e+09,0.0978288,-0.344228,0,0.162639
1.73736e+09,0.0982942,-0.344286,0,0.160068
1.73736e+09,0.0983847,-0.344287,0,0.160056
1.73736e+09,0.0983847,-0.344287,0,0.160056
1.73736e+09,0.0982638,-0.344374,0,0.161051
1.73736e+09,0.0984204,-0.345596,0,0.177919
1.73736e+09,0.0984204,-0.345596,0,0.177919
1.73736e+09,0.0982799,-0.344334,0,0.159728
1.73736e+09,0.0984715,-0.344261,0,0.159613
1.73736e+09,0.0984773,-0.343914,0,0.161006
1.73736e+09,0.0984147,-0.344049,0,0.160513
1.73736e+09,0.0982401,-0.344407,0,0.159858
1.73736e+09,0.0983158,-0.34433,0,0.159669
1.73736e+09,0.0983158,-0.34433,0,0.159669
1.73736e+09,0.0983512,-0.344299,0,0.160918
1.73736e+09,0.0981735,-0.344152,0,0.159613
1.73736e+09,0.0981735,-0.344152,0,0.159613
1.73736e+09,0.0982977,-0.344305,0,0.159686
1.73736e+09,0.098478,-0.344484,0,0.159992
1.73736e+09,0.0983271,-0.344015,0,0.160358
1.73736e+09,0.0983154,-0.344139,0,0.160028
1.73736e+09,0.0985192,-0.34427,0,0.160092
1.73736e+09,0.0982846,-0.344291,0,0.159522
1.73736e+09,0.0982846,-0.344291,0,0.159522
1.73736e+09,0.0981371,-0.344206,0,0.158537
1.73736e+09,0.0982589,-0.343507,0,0.15931
1.73736e+09,0.0982589,-0.343507,0,0.15931
1.73736e+09,0.0980841,-0.344632,0,0.160836
1.73736e+09,0.0983406,-0.344471,0,0.160515
1.73736e+09,0.0979736,-0.344419,0,0.159613
1.73736e+09,0.0981218,-0.344363,0,0.159613
1.73736e+09,0.0983137,-0.344331,0,0.159846
1.73736e+09,0.0983231,-0.344335,0,0.15968
1.73736e+09,0.0983231,-0.344335,0,0.15968
1.73736e+09,0.0980006,-0.344207,0,0.158906
1.73736e+09,0.0979799,-0.344363,0,0.159214
1.73736e+09,0.0979799,-0.344363,0,0.159214
1.73736e+09,0.0982682,-0.344315,0,0.159369
1.73736e+09,0.0983513,-0.344401,0,0.160704
1.73736e+09,0.0983513,-0.344401,0,0.160704
1.73736e+09,0.0984333,-0.344192,0,0.159613
1.73736e+09,0.0983328,-0.344199,0,0.159613
1.73736e+09,0.0983377,-0.344297,0,0.159685
1.73736e+09,0.0983377,-0.344297,0,0.159685
1.73736e+09,0.0993961,-0.345212,0,0.179777
1.73736e+09,0.0990834,-0.345146,0,0.179254
1.73736e+09,0.0990834,-0.345146,0,0.179254
1.73736e+09,0.0982695,-0.345933,0,0.178637
1.73736e+09,0.097945,-0.34522,0,0.176464
1.73736e+09,0.098414,-0.345564,0,0.176078
1.73736e+09,0.0984445,-0.345543,0,0.176408
1.73736e+09,0.0983869,-0.344505,0,0.160063
1.73736e+09,0.0987507,-0.345424,0,0.178912
1.73736e+09,0.09873,-0.34543,0,0.178757
1.73736e+09,0.0989503,-0.345412,0,0.177436
1.73736e+09,0.0983131,-0.345531,0,0.176458
1.73736e+09,0.0983131,-0.345531,0,0.176458
1.73736e+09,0.0988029,-0.346536,0,0.193079
1.73736e+09,0.0998179,-0.345534,0,0.199958
1.73736e+09,0.0984561,-0.347474,0,0.195216
1.73736e+09,0.0985512,-0.347207,0,0.194976
1.73736e+09,0.0982812,-0.345669,0,0.177215
1.73736e+09,0.0987217,-0.346677,0,0.194386
1.73736e+09,0.0987217,-0.346677,0,0.194386
1.73736e+09,0.0988749,-0.346838,0,0.195811
1.73736e+09,0.098454,-0.345435,0,0.176972
1.73736e+09,0.098454,-0.345435,0,0.176972
1.73736e+09,0.0987308,-0.34667,0,0.194394
1.73736e+09,0.0986778,-0.346879,0,0.19562
1.73736e+09,0.0988236,-0.346638,0,0.194209
1.73736e+09,0.0987895,-0.346661,0,0.194323
1.73736e+09,0.098471,-0.345479,0,0.177447
1.73736e+09,0.0985143,-0.345487,0,0.177066
1.73736e+09,0.0985143,-0.345487,0,0.177066
1.73736e+09,0.0988042,-0.346522,0,0.196014
1.73736e+09,0.0987692,-0.346671,0,0.194255
1.73736e+09,0.0987692,-0.346671,0,0.194255
1.73736e+09,0.0986749,-0.346698,0,0.194451
1.73736e+09,0.0988168,-0.346906,0,0.195424
1.73736e+09,0.0985294,-0.347264,0,0.19452
1.73736e+09,0.0986143,-0.347027,0,0.19452
1.73736e+09,0.0986246,-0.346681,0,0.19437
1.73736e+09,0.0989817,-0.346551,0,0.196059
1.73736e+09,0.0989793,-0.346553,0,0.196044
1.73736e+09,0.0987673,-0.34646,0,0.19452
1.73736e+09,0.098683,-0.346385,0,0.193916
1.73736e+09,0.098683,-0.346385,0,0.193916
1.73736e+09,0.0987285,-0.346792,0,0.19463
1.73736e+09,0.0983171,-0.34727,0,0.19452
1.73736e+09,0.0987563,-0.347048,0,0.195271
1.73736e+09,0.0987457,-0.346902,0,0.194954
1.73736e+09,0.0987571,-0.346674,0,0.194343
1.73736e+09,0.0981573,-0.346867,0,0.194037
1.73736e+09,0.0981791,-0.346861,0,0.194055
1.73736e+09,0.098721,-0.346455,0,0.194753
1.73736e+09,0.098721,-0.346455,0,0.194753
1.73736e+09,0.098721,-0.346455,0,0.194753
1.73736e+09,0.098775,-0.346507,0,0.193192
1.73736e+09,0.0986484,-0.347065,0,0.19452
1.73736e+09,0.0988627,-0.346888,0,0.19496
1.73736e+09,0.0988153,-0.346821,0,0.194802
1.73736e+09,0.0985954,-0.346691,0,0.194842
1.73736e+09,0.0991768,-0.346804,0,0.196562
1.73736e+09,0.0991554,-0.346799,0,0.196464
1.73736e+09,0.0986062,-0.346645,0,0.193918
1.73736e+09,0.0988105,-0.346885,0,0.194272
1.73736e+09,0.0988105,-0.346885,0,0.194272
1.73736e+09,0.0988146,-0.347002,0,0.195877
1.73736e+09,0.0979635,-0.346626,0,0.193414
1.73736e+09,0.0993244,-0.34659,0,0.195705
1.73736e+09,0.0990691,-0.346638,0,0.195195
1.73736e+09,0.0988375,-0.346524,0,0.19444
1.73736e+09,0.0987407,-0.346885,0,0.195113
1.73736e+09,0.0987405,-0.34688,0,0.195097
1.73736e+09,0.0985992,-0.346872,0,0.195456
1.73736e+09,0.0986709,-0.346697,0,0.19488
1.73736e+09,0.0986709,-0.346697,0,0.19488
1.73736e+09,0.0987397,-0.347275,0,0.195087
1.73736e+09,0.0984538,-0.34665,0,0.195299
1.73736e+09,0.0990373,-0.34681,0,0.19399
1.73736e+09,0.0989084,-0.346764,0,0.194213
1.73736e+09,0.0987129,-0.34686,0,0.19482
1.73736e+09,0.0987017,-0.346441,0,0.19452
1.73736e+09,0.0987017,-0.346441,0,0.19452
1.73736e+09,0.0987029,-0.346655,0,0.194045
1.73736e+09,0.0986794,-0.346581,0,0.194347
1.73736e+09,0.0986794,-0.346581,0,0.194347
1.73736e+09,0.0987637,-0.346828,0,0.194665
1.73736e+09,0.0984833,-0.347065,0,0.195584
1.73736e+09,0.0990062,-0.346621,0,0.195958
1.73736e+09,0.0989159,-0.346647,0,0.195486
1.73736e+09,0.0989274,-0.346687,0,0.19452
1.73736e+09,0.0993512,-0.346009,0,0.195354
1.73736e+09,0.0993227,-0.34604,0,0.195316
1.73736e+09,0.0984875,-0.34566,0,0.177598
1.73736e+09,0.0985284,-0.346855,0,0.19452
1.73736e+09,0.0985284,-0.346855,0,0.19452
1.73736e+09,0.0987191,-0.346709,0,0.194552
1.73736e+09,0.0987398,-0.346733,0,0.194876
1.73736e+09,0.0993333,-0.346561,0,0.195555
1.73736e+09,0.0991345,-0.346607,0,0.195213
1.73736e+09,0.0986467,-0.346631,0,0.194339
1.73736e+09,0.0987365,-0.346702,0,0.19452
1.73736e+09,0.0987365,-0.346702,0,0.19452
1.73736e+09,0.0985842,-0.346747,0,0.195077
1.73736e+09,0.0990406,-0.347826,0,0.211973
1.73736e+09,0.0990406,-0.347826,0,0.211973
1.73736e+09,0.0987719,-0.346706,0,0.194597
1.73736e+09,0.099284,-0.346241,0,0.194196
1.73736e+09,0.0987348,-0.346795,0,0.194832
1.73736e+09,0.0987335,-0.346762,0,0.194721
1.73736e+09,0.098621,-0.346783,0,0.19452
1.73736e+09,0.098718,-0.346718,0,0.194566
1.73736e+09,0.098718,-0.346718,0,0.194566
1.73736e+09,0.0987557,-0.346809,0,0.196047
1.73736e+09,0.0989085,-0.346596,0,0.19452
1.73736e+09,0.0989085,-0.346596,0,0.19452
1.73736e+09,0.0985813,-0.346652,0,0.19452
1.73736e+09,0.0988917,-0.346921,0,0.194867
1.73736e+09,0.0986487,-0.346827,0,0.194216
1.73736e+09,0.0986847,-0.346772,0,0.194348
1.73736e+09,0.0986847,-0.346772,0,0.194348
1.73736e+09,0.0984596,-0.346529,0,0.19383
1.73736e+09,0.0984639,-0.346531,0,0.193841
1.73736e+09,0.0988553,-0.346661,0,0.195734
1.73736e+09,0.0988293,-0.346757,0,0.19452
1.73736e+09,0.0988293,-0.346757,0,0.19452
1.73736e+09,0.0987309,-0.346681,0,0.19452
1.73736e+09,0.0988153,-0.346978,0,0.195497
1.73736e+09,0.0985386,-0.346582,0,0.19421
1.73736e+09,0.0986093,-0.346625,0,0.194324
1.73736e+09,0.0990104,-0.347862,0,0.212381
1.73736e+09,0.0989738,-0.346544,0,0.19452
1.73736e+09,0.0989637,-0.346551,0,0.19452
1.73736e+09,0.0992374,-0.346546,0,0.194875
1.73736e+09,0.0986585,-0.346704,0,0.194072
1.73736e+09,0.0986585,-0.346704,0,0.194072
1.73736e+09,0.0987221,-0.346713,0,0.19452
1.73736e+09,0.0985087,-0.346661,0,0.194797
1.73736e+09,0.0993973,-0.346504,0,0.196242
1.73736e+09,0.0991911,-0.346565,0,0.195709
1.73736e+09,0.0987567,-0.346653,0,0.194081
1.73736e+09,0.0987399,-0.346734,0,0.19452
1.73736e+09,0.0987399,-0.346734,0,0.19452
1.73736e+09,0.0981235,-0.34696,0,0.194758
1.73736e+09,0.0987537,-0.347344,0,0.205175
1.73736e+09,0.0987537,-0.347344,0,0.205175
1.73736e+09,0.0990597,-0.347848,0,0.212153
1.73736e+09,0.0991515,-0.346686,0,0.19585
1.73736e+09,0.0989019,-0.347865,0,0.211973
1.73736e+09,0.0989355,-0.347879,0,0.211973
1.73736e+09,0.0988835,-0.347975,0,0.211818
1.73736e+09,0.0989861,-0.347904,0,0.21203
1.73736e+09,0.0989861,-0.347904,0,0.21203
1.73736e+09,0.100677,-0.34707,0,0.216939
1.73736e+09,0.0991527,-0.349099,0,0.22998
1.73736e+09,0.0991527,-0.349099,0,0.22998
1.73736e+09,0.0992441,-0.349089,0,0.22946
1.73736e+09,0.0984129,-0.348192,0,0.212462
1.73736e+09,0.0997976,-0.348712,0,0.231133
1.73736e+09,0.0995755,-0.348864,0,0.230447
1.73736e+09,0.0994303,-0.349117,0,0.229535
1.73736e+09,0.0993376,-0.349072,0,0.229474
1.73736e+09,0.0993376,-0.349072,0,0.229474
1.73736e+09,0.100146,-0.348761,0,0.231332
1.73736e+09,0.0994763,-0.349219,0,0.230228
1.73736e+09,0.0994763,-0.349219,0,0.230228
1.73736e+09,0.099243,-0.34909,0,0.230051
1.73736e+09,0.100128,-0.348914,0,0.227976
1.73736e+09,0.100596,-0.347159,0,0.199814
1.73736e+09,0.0999922,-0.347429,0,0.204305
1.73736e+09,0.0999856,-0.346248,0,0.189977
1.73736e+09,0.106009,-0.345006,0,0.185691
1.73736e+09,0.108323,-0.345074,0,0.186049
1.73736e+09,0.153905,-0.34558,0,0.193538
1.73736e+09,0.15172,-0.346297,0,0.194143
1.73736e+09,0.15172,-0.346297,0,0.194143
1.73736e+09,0.149712,-0.346509,0,0.194856
1.73736e+09,0.158303,-0.344048,0,0.198243
1.73736e+09,0.156755,-0.344826,0,0.197808
1.73736e+09,0.153568,-0.34557,0,0.196502
1.73736e+09,0.149126,-0.346696,0,0.194932
1.73736e+09,0.199551,-0.347757,0,0.215102
1.73736e+09,0.199541,-0.34776,0,0.215047
1.73736e+09,0.199648,-0.346698,0,0.192939
1.73736e+09,0.200084,-0.346622,0,0.192769
1.73736e+09,0.200084,-0.346622,0,0.192769
1.73736e+09,0.200084,-0.346622,0,0.192769
1.73736e+09,0.198832,-0.346062,0,0.190044
1.73736e+09,0.199296,-0.346536,0,0.194213
1.73736e+09,0.199053,-0.346607,0,0.194345
1.73736e+09,0.198624,-0.346802,0,0.194819
1.73736e+09,0.199069,-0.346702,0,0.19646
1.73736e+09,0.199061,-0.346702,0,0.196418
1.73736e+09,0.199889,-0.346046,0,0.195456
1.73736e+09,0.199558,-0.346473,0,0.194821
1.73736e+09,0.199558,-0.346473,0,0.194821
1.73736e+09,0.199163,-0.346484,0,0.197703
1.73736e+09,0.198321,-0.346796,0,0.195045
1.73736e+09,0.199062,-0.346145,0,0.192651
1.73736e+09,0.198962,-0.346313,0,0.193216
1.73736e+09,0.198909,-0.346747,0,0.194131
1.73736e+09,0.198968,-0.346475,0,0.193618
1.73736e+09,0.198958,-0.346484,0,0.193656
1.73736e+09,0.198392,-0.346728,0,0.193712
1.73736e+09,0.198811,-0.346565,0,0.194023
1.73736e+09,0.198811,-0.346565,0,0.194023
1.73736e+09,0.19873,-0.346711,0,0.19458
1.73736e+09,0.198797,-0.346642,0,0.193996
1.73736e+09,0.198851,-0.346969,0,0.19452
1.73736e+09,0.198808,-0.346874,0,0.19452
1.73736e+09,0.198671,-0.346684,0,0.194346
1.73736e+09,0.198846,-0.346669,0,0.19452
1.73736e+09,0.198841,-0.346671,0,0.19452
1.73736e+09,0.198989,-0.346626,0,0.195392
1.73736e+09,0.198699,-0.346687,0,0.19452
1.73736e+09,0.198699,-0.346687,0,0.19452
1.73736e+09,0.198781,-0.346712,0,0.194663
1.73736e+09,0.198696,-0.346843,0,0.19452
1.73736e+09,0.198786,-0.346739,0,0.193907
1.73736e+09,0.198763,-0.346724,0,0.19416
1.73736e+09,0.198688,-0.346717,0,0.19452
1.73736e+09,0.198716,-0.346391,0,0.19452
1.73736e+09,0.198717,-0.346399,0,0.19452
1.73736e+09,0.198863,-0.34672,0,0.19452
1.73736e+09,0.198701,-0.346763,0,0.194859
1.73736e+09,0.198701,-0.346763,0,0.194859
1.73736e+09,0.198643,-0.346554,0,0.193339
1.73736e+09,0.198926,-0.346885,0,0.19452
1.73736e+09,0.198926,-0.346885,0,0.19452
1.73736e+09,0.198667,-0.34668,0,0.194044
1.73736e+09,0.198746,-0.34668,0,0.194784
1.73736e+09,0.199113,-0.346805,0,0.19452
1.73736e+09,0.199113,-0.346805,0,0.19452
1.73736e+09,0.198483,-0.346607,0,0.195019
1.73736e+09,0.198694,-0.346677,0,0.193964
1.73736e+09,0.198694,-0.346677,0,0.193964
1.73736e+09,0.198756,-0.346717,0,0.194596
1.73736e+09,0.198487,-0.34681,0,0.194043
1.73736e+09,0.199091,-0.346741,0,0.195377
1.73736e+09,0.198926,-0.346723,0,0.194983
1.73736e+09,0.198698,-0.346701,0,0.19452
1.73736e+09,0.198848,-0.346698,0,0.19452
1.73736e+09,0.198848,-0.346698,0,0.19452
1.73736e+09,0.198762,-0.346466,0,0.19452
1.73736e+09,0.198868,-0.346867,0,0.19473
1.73736e+09,0.198868,-0.346867,0,0.19473
1.73736e+09,0.198717,-0.346698,0,0.194579
1.73736e+09,0.198931,-0.346848,0,0.195618
1.73736e+09,0.198895,-0.346751,0,0.19452
1.73736e+09,0.198834,-0.346732,0,0.19452
1.73736e+09,0.198689,-0.346544,0,0.19452
1.73736e+09,0.198689,-0.346544,0,0.19452
1.73736e+09,0.198689,-0.346544,0,0.19452
1.73736e+09,0.198634,-0.346716,0,0.193439
1.73736e+09,0.19856,-0.346768,0,0.194778
1.73736e+09,0.19856,-0.346768,0,0.194778
1.73736e+09,0.19888,-0.34665,0,0.194409
1.73736e+09,0.199582,-0.346276,0,0.19452
1.73736e+09,0.198651,-0.346712,0,0.196315
1.73736e+09,0.198678,-0.346708,0,0.195692
1.73736e+09,0.198841,-0.346629,0,0.194968
1.73736e+09,0.198385,-0.346717,0,0.19452
1.73736e+09,0.198385,-0.346717,0,0.19452
1.73736e+09,0.198536,-0.294209,0,0.160646
1.73736e+09,0.198258,-0.294303,0,0.160293
1.73736e+09,0.198258,-0.294303,0,0.160293
1.73736e+09,0.198347,-0.293375,0,0.158636
1.73736e+09,0.198968,-0.295072,0,0.178473
1.73736e+09,0.198905,-0.294783,0,0.179469
1.73736e+09,0.198735,-0.295088,0,0.178446
1.73736e+09,0.19863,-0.295415,0,0.176976
1.73736e+09,0.199148,-0.295637,0,0.178035
1.73736e+09,0.19913,-0.295633,0,0.178008
1.73736e+09,0.198004,-0.294832,0,0.175357
1.73736e+09,0.199173,-0.29456,0,0.165467
1.73736e+09,0.199173,-0.29456,0,0.165467
1.73736e+09,0.199596,-0.294123,0,0.158784
1.73736e+09,0.19933,-0.294053,0,0.15936
1.73736e+09,0.198785,-0.294834,0,0.157677
1.73736e+09,0.198586,-0.294613,0,0.158471
1.73736e+09,0.198518,-0.294246,0,0.159613
1.73736e+09,0.198391,-0.294363,0,0.160526
1.73736e+09,0.198391,-0.294363,0,0.160526
1.73736e+09,0.198655,-0.294269,0,0.160017
1.73736e+09,0.199627,-0.294978,0,0.179328
1.73736e+09,0.199627,-0.294978,0,0.179328
1.73736e+09,0.205028,-0.292453,0,0.209454
1.73736e+09,0.201941,-0.296117,0,0.220314
1.73736e+09,0.19953,-0.298058,0,0.211973
1.73736e+09,0.199318,-0.297996,0,0.211973
1.73736e+09,0.198828,-0.297911,0,0.212055
1.73736e+09,0.198958,-0.297895,0,0.211923
1.73736e+09,0.198958,-0.297895,0,0.211923
1.73736e+09,0.198717,-0.297806,0,0.211973
1.73736e+09,0.198454,-0.297478,0,0.210232
1.73736e+09,0.198454,-0.297478,0,0.210232
1.73736e+09,0.198092,-0.296189,0,0.179168
1.73736e+09,0.204597,-0.292558,0,0.165304
1.73736e+09,0.19935,-0.295682,0,0.177884
1.73736e+09,0.199028,-0.295612,0,0.177571
1.73736e+09,0.198245,-0.295516,0,0.177066
1.73736e+09,0.198776,-0.295362,0,0.176475
1.73736e+09,0.198767,-0.295367,0,0.176495
1.73736e+09,0.198,-0.295533,0,0.175787
1.73736e+09,0.198954,-0.295427,0,0.177243
1.73736e+09,0.198954,-0.295427,0,0.177243
1.73736e+09,0.199948,-0.295132,0,0.18111
1.73736e+09,0.199397,-0.296439,0,0.197006
1.73736e+09,0.199397,-0.296439,0,0.197006
1.73736e+09,0.198692,-0.296741,0,0.195409
1.73736e+09,0.198615,-0.296665,0,0.19452
1.73736e+09,0.198752,-0.296612,0,0.195423
1.73736e+09,0.198751,-0.296615,0,0.195389
1.73736e+09,0.199167,-0.296734,0,0.195329
1.73736e+09,0.232995,-0.296385,0,0.194739
1.73736e+09,0.232995,-0.296385,0,0.194739
1.73736e+09,0.250505,-0.295662,0,0.192413
1.73736e+09,0.249195,-0.295831,0,0.17415
1.73736e+09,0.25084,-0.296614,0,0.194083
1.73736e+09,0.250059,-0.296646,0,0.194245
1.73736e+09,0.248515,-0.295483,0,0.176959
1.73736e+09,0.248173,-0.295779,0,0.175007
1.73736e+09,0.248195,-0.29576,0,0.175143
1.73736e+09,0.249559,-0.295149,0,0.176345
1.73736e+09,0.248633,-0.295484,0,0.176324
1.73736e+09,0.248633,-0.295484,0,0.176324
1.73736e+09,0.248892,-0.296296,0,0.171478
1.73736e+09,0.248925,-0.29557,0,0.177066
1.73736e+09,0.247963,-0.295516,0,0.175843
1.73736e+09,0.248194,-0.295509,0,0.176365
1.73736e+09,0.248429,-0.295438,0,0.176649
1.73736e+09,0.249978,-0.293499,0,0.153142
1.73736e+09,0.249885,-0.293543,0,0.153499
1.73736e+09,0.24821,-0.293188,0,0.130113
1.73736e+09,0.250014,-0.291579,0,0.119235
1.73736e+09,0.250014,-0.291579,0,0.119235
1.73736e+09,0.248015,-0.291871,0,0.124638
1.73736e+09,0.247355,-0.291857,0,0.124706
1.73736e+09,0.247123,-0.292009,0,0.123075
1.73736e+09,0.247452,-0.291957,0,0.123722
1.73736e+09,0.248134,-0.291847,0,0.124159
1.73736e+09,0.24816,-0.291946,0,0.126289
1.73736e+09,0.24816,-0.291946,0,0.126289
1.73736e+09,0.247545,-0.291758,0,0.124043
1.73736e+09,0.247788,-0.291955,0,0.124293
1.73736e+09,0.247788,-0.291955,0,0.124293
1.73736e+09,0.248141,-0.29206,0,0.12583
1.73736e+09,0.247728,-0.291885,0,0.124014
1.73736e+09,0.24791,-0.292049,0,0.122838
1.73736e+09,0.247929,-0.291977,0,0.123623
1.73736e+09,0.248426,-0.291985,0,0.124806
1.73736e+09,0.249344,-0.291768,0,0.125459
1.73736e+09,0.249222,-0.291778,0,0.125393
1.73736e+09,0.248332,-0.292209,0,0.125678
1.73736e+09,0.247928,-0.292022,0,0.124706
1.73736e+09,0.247928,-0.292022,0,0.124706
1.73736e+09,0.247957,-0.291884,0,0.124748
1.73736e+09,0.247832,-0.291706,0,0.123992
1.73736e+09,0.247304,-0.291844,0,0.12375
1.73736e+09,0.247596,-0.291859,0,0.12418
1.73736e+09,0.247909,-0.291904,0,0.12496
1.73736e+09,0.247455,-0.291779,0,0.123565
1.73736e+09,0.24746,-0.29178,0,0.123576
1.73736e+09,0.248019,-0.292042,0,0.125136
1.73736e+09,0.247972,-0.291782,0,0.124056
1.73736e+09,0.247972,-0.291782,0,0.124056
1.73736e+09,0.247934,-0.291876,0,0.124803
1.73736e+09,0.2482,-0.29206,0,0.12525
1.73736e+09,0.248448,-0.291574,0,0.124029
1.73736e+09,0.248225,-0.291711,0,0.124336
1.73736e+09,0.247959,-0.291851,0,0.12479
1.73736e+09,0.248476,-0.291964,0,0.124706
1.73736e+09,0.248445,-0.291959,0,0.124706
1.73736e+09,0.247899,-0.291935,0,0.123609
1.73736e+09,0.248088,-0.292214,0,0.124237
1.73736e+09,0.248088,-0.292214,0,0.124237
1.73736e+09,0.250825,-0.291393,0,0.127116
1.73736e+09,0.247231,-0.291929,0,0.126206
1.73736e+09,0.248264,-0.291544,0,0.125894
1.73736e+09,0.248137,-0.291681,0,0.125404
1.73736e+09,0.247871,-0.291909,0,0.124878
1.73736e+09,0.247668,-0.291876,0,0.125476
1.73736e+09,0.24767,-0.291876,0,0.12547
1.73736e+09,0.248033,-0.292001,0,0.124706
1.73736e+09,0.247781,-0.291901,0,0.125287
1.73736e+09,0.247781,-0.291901,0,0.125287
1.73736e+09,0.247978,-0.291876,0,0.124729
1.73736e+09,0.248516,-0.291696,0,0.124706
1.73736e+09,0.247155,-0.292021,0,0.125869
1.73736e+09,0.247445,-0.291969,0,0.125448
1.73736e+09,0.248023,-0.291881,0,0.125199
1.73736e+09,0.247639,-0.292021,0,0.122693
1.73736e+09,0.247639,-0.292021,0,0.122693
1.73736e+09,0.249429,-0.291801,0,0.124333
1.73736e+09,0.249046,-0.291835,0,0.124056
1.73736e+09,0.249046,-0.291835,0,0.124056
1.73736e+09,0.248451,-0.29179,0,0.124308
1.73736e+09,0.258639,-0.290609,0,0.119548
1.73736e+09,0.310861,-0.291044,0,0.126052
1.73736e+09,0.305783,-0.291372,0,0.125523
1.73736e+09,0.30164,-0.291315,0,0.12273
1.73736e+09,0.29926,-0.290567,0,0.107087
1.73736e+09,0.29926,-0.290567,0,0.107087
1.73736e+09,0.356817,-0.28943,0,0.102343
1.73736e+09,0.354715,-0.28892,0,0.0945104
1.73736e+09,0.354715,-0.28892,0,0.0945104
1.73736e+09,0.348754,-0.28936,0,0.089568
1.73736e+09,0.429281,-0.28796,0,0.104233
1.73736e+09,0.47337,-0.288329,0,0.102254
1.73736e+09,0.463984,-0.288655,0,0.096574
1.73736e+09,0.492921,-0.288848,0,0.0880607
1.73736e+09,0.529383,-0.285829,0,0.0473855
1.73736e+09,0.528702,-0.285854,0,0.0475459
1.73736e+09,0.570775,-0.286007,0,0.048798
1.73736e+09,0.591898,-0.286435,0,0.0517678
1.73736e+09,0.591898,-0.286435,0,0.0517678
1.73736e+09,0.680019,-0.2852,0,0.0456154
1.73736e+09,0.670713,-0.284905,0,0.0328865
1.73736e+09,0.749708,-0.282929,0,-0.00871855
1.73736e+09,0.726484,-0.28363,0,0.00405426
1.73736e+09,0.704056,-0.282487,0,-0.0190136
1.73736e+09,0.777252,-0.283639,0,-0.023923
1.73736e+09,0.776964,-0.283624,0,-0.0238358
1.73736e+09,0.819352,-0.282544,0,-0.0146612
1.73736e+09,0.809368,-0.282445,0,-0.0136348
1.73736e+09,0.809368,-0.282445,0,-0.0136348
1.73736e+09,0.84871,-0.283356,0,0.0030306
1.73736e+09,0.871152,-0.284409,0,0.033228
1.73736e+09,0.915708,-0.284248,0,0.0341851
1.73736e+09,0.908871,-0.284362,0,0.0288639
1.73736e+09,0.901978,-0.285694,0,0.0406325
1.73736e+09,0.89785,-0.287006,0,0.0557692
1.73736e+09,0.89785,-0.287006,0,0.0557692
1.73736e+09,0.89661,-0.287,0,0.0568904
1.73736e+09,0.897666,-0.288361,0,0.0726166
1.73736e+09,0.897666,-0.288361,0,0.0726166
1.73736e+09,0.89761,-0.288239,0,0.0724451
1.73736e+09,0.897808,-0.287312,0,0.0579753
1.73736e+09,0.897308,-0.288422,0,0.073166
1.73736e+09,0.897414,-0.28835,0,0.0728612
1.73736e+09,0.897605,-0.288206,0,0.0724432
1.73736e+09,0.897866,-0.288157,0,0.0735383
1.73736e+09,0.897863,-0.288157,0,0.0735245
1.73736e+09,0.897556,-0.288318,0,0.0730694
1.73736e+09,0.897682,-0.287585,0,0.0626657
1.73736e+09,0.897682,-0.287585,0,0.0626657
1.73736e+09,0.897475,-0.287012,0,0.0548344
1.73736e+09,0.897685,-0.28708,0,0.0559251
1.73736e+09,0.897336,-0.286922,0,0.0533179
1.73736e+09,0.897407,-0.286956,0,0.0539321
1.73736e+09,0.89753,-0.287094,0,0.0553113
1.73736e+09,0.897461,-0.286742,0,0.0544074
1.73736e+09,0.897461,-0.286746,0,0.0544156
1.73736e+09,0.897469,-0.28818,0,0.0719913
1.73736e+09,0.89763,-0.288304,0,0.0726882
1.73736e+09,0.89763,-0.288304,0,0.0726882
1.73736e+09,0.897572,-0.288242,0,0.0723465
1.73736e+09,0.897468,-0.287009,0,0.0544656
1.73736e+09,0.897762,-0.288507,0,0.0733861
1.73736e+09,0.897706,-0.288415,0,0.0730413
1.73736e+09,0.897466,-0.286929,0,0.0544461
1.73736e+09,0.897512,-0.287011,0,0.0548932
1.73736e+09,0.897512,-0.287011,0,0.0548932
1.73736e+09,0.897648,-0.288288,0,0.0733653
1.73736e+09,0.897576,-0.28818,0,0.0723465
1.73736e+09,0.897576,-0.28818,0,0.0723465
1.73736e+09,0.897622,-0.28825,0,0.0723465
1.73736e+09,0.897532,-0.28716,0,0.0576807
1.73736e+09,0.897642,-0.288223,0,0.0734227
1.73736e+09,0.897613,-0.287687,0,0.0654517
1.73736e+09,0.89753,-0.287042,0,0.0543382
1.73736e+09,0.897518,-0.287015,0,0.0549249
1.73736e+09,0.897518,-0.287015,0,0.0549249
1.73736e+09,0.897522,-0.287299,0,0.0588787
1.73736e+09,0.897593,-0.288219,0,0.0726147
1.73736e+09,0.897593,-0.288219,0,0.0726147
1.73736e+09,0.897556,-0.287139,0,0.0570058
1.73736e+09,0.897789,-0.286963,0,0.0548932
1.73736e+09,0.897416,-0.286814,0,0.0541139
1.73736e+09,0.897443,-0.286868,0,0.0543274
1.73736e+09,0.897443,-0.286868,0,0.0543274
1.73736e+09,0.897766,-0.288416,0,0.0737438
1.73736e+09,0.897699,-0.288343,0,0.073197
1.73736e+09,0.897576,-0.288317,0,0.0723465
1.73736e+09,0.897507,-0.28699,0,0.0547396
1.73736e+09,0.897507,-0.28699,0,0.0547396
1.73736e+09,0.897584,-0.288185,0,0.0723465
1.73736e+09,0.897766,-0.288308,0,0.0723465
1.73736e+09,0.897617,-0.288242,0,0.0732393
1.73736e+09,0.89761,-0.288238,0,0.0729666
1.73736e+09,0.897664,-0.288243,0,0.0722375
1.73736e+09,0.897601,-0.288219,0,0.0722961
1.73736e+09,0.897601,-0.288219,0,0.0722961
1.73736e+09,0.897429,-0.287098,0,0.0552552
1.73736e+09,0.897626,-0.28823,0,0.0723465
1.73736e+09,0.897626,-0.28823,0,0.0723465
1.73736e+09,0.897565,-0.288219,0,0.0723465
1.73736e+09,0.897399,-0.2874,0,0.0556142
1.73736e+09,0.897482,-0.286997,0,0.0540212
1.73736e+09,0.897496,-0.287002,0,0.0543657
1.73736e+09,0.897615,-0.287935,0,0.0678623
1.73736e+09,0.897615,-0.287935,0,0.0678623
1.73736e+09,0.897615,-0.287935,0,0.0678623
1.73736e+09,0.897615,-0.287935,0,0.0678623
1.73736e+09,0.897615,-0.287935,0,0.0678623
1.73736e+09,0.897615,-0.287935,0,0.0678623
1.73736e+09,0.897615,-0.287935,0,0.0678623
