index,millisecond,x,y,z,yaw
1.73736e+09,1737360126827812281,-0.0181014,-0.0841269,0,-0.228207
1.73736e+09,1737360126926033519,-0.0181014,-0.0841269,0,-0.228207
1.73736e+09,1737360127025892512,-0.018205,-0.084217,0,-0.226893
1.73736e+09,1737360127125969480,-0.0182514,-0.0842486,0,-0.226893
1.73736e+09,1737360127225888475,-0.0179446,-0.0843381,0,-0.226893
1.73736e+09,1737360127326102947,-0.0180273,-0.0843113,0,-0.226893
1.73736e+09,1737360127425889698,-0.0182612,-0.084265,0,-0.227037
1.73736e+09,1737360127525887497,-0.0182235,-0.0842429,0,-0.226893
1.73736e+09,1737360127625884984,-0.0182235,-0.0842429,0,-0.226893
1.73736e+09,1737360127725895335,-0.0182157,-0.0845329,0,-0.226279
1.73736e+09,1737360127827096138,-0.0182218,-0.0842185,0,-0.227511
1.73736e+09,1737360127925887704,-0.0182218,-0.0842185,0,-0.227511
1.73736e+09,1737360128025914879,-0.0182432,-0.0839152,0,-0.226893
1.73736e+09,1737360128125912208,-0.0181434,-0.0846219,0,-0.226893
1.73736e+09,1737360128225883027,-0.0181318,-0.0839434,0,-0.227217
1.73736e+09,1737360128325951712,-0.0181464,-0.0840046,0,-0.227153
1.73736e+09,1737360128425889613,-0.0184318,-0.0844809,0,-0.226462
1.73736e+09,1737360128525905537,-0.0181713,-0.0842371,0,-0.227053
1.73736e+09,1737360128625928701,-0.0181713,-0.0842371,0,-0.227053
1.73736e+09,1737360128726596050,-0.0181988,-0.0842525,0,-0.226893
1.73736e+09,1737360128826295714,-0.0182953,-0.084195,0,-0.226725
1.73736e+09,1737360128925891939,-0.0182953,-0.084195,0,-0.226725
1.73736e+09,1737360129025891039,-0.0180244,-0.0842159,0,-0.226893
1.73736e+09,1737360129125893680,-0.0181979,-0.0841922,0,-0.226984
1.73736e+09,1737360129225886895,-0.0183695,-0.0844971,0,-0.226223
1.73736e+09,1737360129325885890,-0.0183527,-0.0844721,0,-0.226292
1.73736e+09,1737360129425880615,-0.018105,-0.0842608,0,-0.226893
1.73736e+09,1737360129526019666,-0.0182957,-0.0842434,0,-0.227133
1.73736e+09,1737360129625888606,-0.0182957,-0.0842434,0,-0.227133
1.73736e+09,1737360129725935312,-0.0182039,-0.084256,0,-0.226893
1.73736e+09,1737360129825881649,-0.0181875,-0.0841849,0,-0.226893
1.73736e+09,1737360129925883458,-0.0180832,-0.084192,0,-0.226463
1.73736e+09,1737360130025885838,-0.0181374,-0.0842191,0,-0.226653
1.73736e+09,1737360130125930251,-0.0182006,-0.0842655,0,-0.226982
1.73736e+09,1737360130225888099,-0.0183902,-0.084377,0,-0.226893
1.73736e+09,1737360130325960325,-0.0183704,-0.0843638,0,-0.226893
1.73736e+09,1737360130425887964,-0.0181876,-0.084249,0,-0.226893
1.73736e+09,1737360130525890188,-0.0182226,-0.084234,0,-0.226517
1.73736e+09,1737360130625837775,-0.0182226,-0.084234,0,-0.226517
1.73736e+09,1737360130725887866,-0.0180983,-0.08418,0,-0.228014
1.73736e+09,1737360130825887485,-0.0182025,-0.0842373,0,-0.227214
1.73736e+09,1737360130925979869,-0.0183461,-0.084256,0,-0.225771
1.73736e+09,1737360131025843182,-0.0182782,-0.0842547,0,-0.226315
1.73736e+09,1737360131125904053,-0.0181512,-0.0842397,0,-0.226893
1.73736e+09,1737360131225894766,-0.0182601,-0.0846797,0,-0.225841
1.73736e+09,1737360131325885895,-0.0182533,-0.084626,0,-0.225973
1.73736e+09,1737360131425880202,-0.0181494,-0.0842578,0,-0.226893
1.73736e+09,1737360131525883519,-0.0181497,-0.0841926,0,-0.227338
1.73736e+09,1737360131625890482,-0.0181497,-0.0841926,0,-0.227338
1.73736e+09,1737360131725886977,-0.0182262,-0.084252,0,-0.226854
1.73736e+09,1737360131825891127,-0.017865,-0.0843646,0,-0.226601
1.73736e+09,1737360131925883819,-0.018119,-0.0841529,0,-0.227507
1.73736e+09,1737360132025842760,-0.018155,-0.0841945,0,-0.227253
1.73736e+09,1737360132125876598,-0.0183465,-0.0842467,0,-0.227065
1.73736e+09,1737360132225891373,-0.0183194,-0.0841239,0,-0.227919
1.73736e+09,1737360132325887190,-0.018316,-0.0841278,0,-0.227888
1.73736e+09,1737360132425838578,-0.0182165,-0.0843003,0,-0.227214
1.73736e+09,1737360132525909501,-0.018246,-0.0842424,0,-0.226716
1.73736e+09,1737360132625892608,-0.018246,-0.0842424,0,-0.226716
1.73736e+09,1737360132725887070,-0.0182065,-0.0842519,0,-0.226928
1.73736e+09,1737360132825873772,-0.018188,-0.0843621,0,-0.226893
1.73736e+09,1737360132925880422,-0.0181936,-0.0843128,0,-0.226134
1.73736e+09,1737360133025881759,-0.0181982,-0.0842907,0,-0.226416
1.73736e+09,1737360133125873304,-0.0183894,-0.0841899,0,-0.227289
1.73736e+09,1737360133225892401,-0.0179053,-0.0840505,0,-0.227233
1.73736e+09,1737360133325934729,-0.0179192,-0.0840598,0,-0.227218
1.73736e+09,1737360133425898408,-0.018141,-0.0843542,0,-0.226199
1.73736e+09,1737360133525898234,-0.018202,-0.084309,0,-0.226718
1.73736e+09,1737360133625888425,-0.018202,-0.084309,0,-0.226718
1.73736e+09,1737360133725889241,-0.0186419,-0.0841209,0,-0.227859
1.73736e+09,1737360133825888806,-0.0182745,-0.0841838,0,-0.227125
1.73736e+09,1737360133925888164,-0.0182745,-0.0841838,0,-0.227125
1.73736e+09,1737360134025908251,-0.0182101,-0.0842607,0,-0.227045
1.73736e+09,1737360134125884222,-0.0182021,-0.0842608,0,-0.226806
1.73736e+09,1737360134225892016,-0.0181872,-0.0841787,0,-0.227841
1.73736e+09,1737360134325892727,-0.0181891,-0.0841861,0,-0.227747
1.73736e+09,1737360134425929012,-0.0179727,-0.0843195,0,-0.226261
1.73736e+09,1737360134525887899,-0.018258,-0.0843155,0,-0.226734
1.73736e+09,1737360134625884599,-0.018258,-0.0843155,0,-0.226734
1.73736e+09,1737360134725889841,-0.0182249,-0.0841948,0,-0.227665
1.73736e+09,1737360134825886594,-0.0180935,-0.084158,0,-0.226513
1.73736e+09,1737360134925883659,-0.0180935,-0.084158,0,-0.226513
1.73736e+09,1737360135025933486,-0.0182453,-0.0842579,0,-0.226893
1.73736e+09,1737360135125842579,-0.0181937,-0.0842219,0,-0.226893
1.73736e+09,1737360135225879592,-0.0180231,-0.0843179,0,-0.226893
1.73736e+09,1737360135325887074,-0.018041,-0.0843116,0,-0.226893
1.73736e+09,1737360135425889503,-0.0184466,-0.0842082,0,-0.227366
1.73736e+09,1737360135525883546,-0.0181787,-0.0842451,0,-0.227302
1.73736e+09,1737360135625886808,-0.0181787,-0.0842451,0,-0.227302
1.73736e+09,1737360135725888873,-0.0180582,-0.0844753,0,-0.225554
1.73736e+09,1737360135825897813,-0.0183532,-0.0841633,0,-0.22747
1.73736e+09,1737360135925953577,-0.0183532,-0.0841633,0,-0.22747
1.73736e+09,1737360136025881889,-0.0181287,-0.0842754,0,-0.226741
1.73736e+09,1737360136125934319,-0.0182304,-0.0842951,0,-0.226773
1.73736e+09,1737360136225872422,-0.0179792,-0.0840885,0,-0.226004
1.73736e+09,1737360136325886153,-0.0179996,-0.0841033,0,-0.226083
1.73736e+09,1737360136425891759,-0.0181242,-0.0842049,0,-0.227118
1.73736e+09,1737360136525878822,-0.0181847,-0.0842167,0,-0.227338
1.73736e+09,1737360136625876979,-0.0181847,-0.0842167,0,-0.227338
1.73736e+09,1737360136725894773,-0.0181996,-0.0842476,0,-0.226893
1.73736e+09,1737360136825881628,-0.0182734,-0.0841635,0,-0.226893
1.73736e+09,1737360136925886504,-0.0178983,-0.0844776,0,-0.225838
1.73736e+09,1737360137025874505,-0.0180327,-0.0843796,0,-0.226299
1.73736e+09,1737360137125879172,-0.0182618,-0.0842618,0,-0.227017
1.73736e+09,1737360137225833057,1.87545,-0.932484,0,1.56018
1.73736e+09,1737360137325878819,1.8675,-0.925502,0,1.54566
1.73736e+09,1737360137425921352,1.81796,-0.882211,0,1.45492
1.73736e+09,1737360137525885914,1.81805,-0.882171,0,1.45546
1.73736e+09,1737360137625874331,1.81805,-0.882171,0,1.45546
1.73736e+09,1737360137725879675,1.81809,-0.882194,0,1.45546
1.73736e+09,1737360137825883145,1.81835,-0.882801,0,1.45546
1.73736e+09,1737360137925884114,1.81835,-0.882801,0,1.45546
1.73736e+09,1737360138025885188,1.81813,-0.882048,0,1.45574
1.73736e+09,1737360138125875114,1.81808,-0.882218,0,1.45526
1.73736e+09,1737360138225871343,1.81815,-0.882212,0,1.45668
1.73736e+09,1737360138325930543,1.81815,-0.882211,0,1.4566
1.73736e+09,1737360138425991200,1.81813,-0.882124,0,1.4558
1.73736e+09,1737360138525938834,1.81813,-0.882124,0,1.4558
1.73736e+09,1737360138625890843,1.81813,-0.882124,0,1.4558
1.73736e+09,1737360138725889728,1.81786,-0.882517,0,1.45486
1.73736e+09,1737360138825889551,1.81835,-0.882297,0,1.45546
1.73736e+09,1737360138925833383,1.81804,-0.882116,0,1.45485
1.73736e+09,1737360139025891749,1.81806,-0.882145,0,1.45509
1.73736e+09,1737360139125842194,1.81808,-0.882174,0,1.45574
1.73736e+09,1737360139225883997,1.81806,-0.881895,0,1.45439
1.73736e+09,1737360139325890590,1.81807,-0.881911,0,1.45445
1.73736e+09,1737360139425887287,1.81812,-0.88218,0,1.45546
1.73736e+09,1737360139525891328,1.81809,-0.882191,0,1.45575
1.73736e+09,1737360139625892296,1.81809,-0.882191,0,1.45575
1.73736e+09,1737360139725895399,1.8181,-0.882199,0,1.45542
1.73736e+09,1737360139825885013,1.81811,-0.882166,0,1.45628
1.73736e+09,1737360139925877282,1.8181,-0.882307,0,1.454
1.73736e+09,1737360140025888771,1.8181,-0.882256,0,1.45463
1.73736e+09,1737360140125893332,1.81812,-0.882217,0,1.45558
1.73736e+09,1737360140225901331,1.81791,-0.882273,0,1.4558
1.73736e+09,1737360140325893600,1.81793,-0.882264,0,1.45576
1.73736e+09,1737360140425887224,1.81808,-0.882066,0,1.45433
1.73736e+09,1737360140525886732,1.81811,-0.882162,0,1.45578
1.73736e+09,1737360140625893481,1.81811,-0.882162,0,1.45578
1.73736e+09,1737360140725888980,1.8181,-0.882205,0,1.45546
1.73736e+09,1737360140825885051,1.81812,-0.882129,0,1.45546
1.73736e+09,1737360140925935863,1.8181,-0.882059,0,1.45615
1.73736e+09,1737360141025888860,1.8181,-0.882114,0,1.45585
1.73736e+09,1737360141125959516,1.81804,-0.88226,0,1.45561
1.73736e+09,1737360141225892043,1.8184,-0.882316,0,1.45546
1.73736e+09,1737360141325894937,1.81835,-0.882294,0,1.45546
1.73736e+09,1737360141425888247,1.81813,-0.882065,0,1.45586
1.73736e+09,1737360141525887235,1.81804,-0.882215,0,1.45546
1.73736e+09,1737360141625889764,1.81804,-0.882215,0,1.45546
1.73736e+09,1737360141725889689,1.81812,-0.882229,0,1.45546
1.73736e+09,1737360141825952063,1.81802,-0.882488,0,1.45449
1.73736e+09,1737360141925889330,1.81802,-0.882488,0,1.45449
1.73736e+09,1737360142025880713,1.81813,-0.882168,0,1.45538
1.73736e+09,1737360142125887564,1.81808,-0.882189,0,1.45546
1.73736e+09,1737360142225967647,1.81833,-0.881974,0,1.45546
1.73736e+09,1737360142325887934,1.81831,-0.881997,0,1.45546
1.73736e+09,1737360142425887233,1.81812,-0.882203,0,1.45581
1.73736e+09,1737360142525880438,1.81806,-0.88223,0,1.45521
1.73736e+09,1737360142625882654,1.81806,-0.88223,0,1.45521
1.73736e+09,1737360142725883047,1.81817,-0.882243,0,1.45605
1.73736e+09,1737360142825880940,1.81805,-0.882032,0,1.45546
1.73736e+09,1737360142925936178,1.8182,-0.882497,0,1.45625
1.73736e+09,1737360143025884955,1.81814,-0.882334,0,1.45583
1.73736e+09,1737360143125883055,1.81812,-0.882113,0,1.45546
1.73736e+09,1737360143225879385,1.81808,-0.882492,0,1.4562
1.73736e+09,1737360143325884829,1.81808,-0.882446,0,1.45609
1.73736e+09,1737360143425834074,1.81796,-0.882199,0,1.45463
1.73736e+09,1737360143525831081,1.8181,-0.882247,0,1.45571
1.73736e+09,1737360143625883246,1.8181,-0.882247,0,1.45571
1.73736e+09,1737360143725883534,1.81809,-0.881927,0,1.45546
1.73736e+09,1737360143825883145,1.81813,-0.88221,0,1.45511
1.73736e+09,1737360143925878797,1.81821,-0.882295,0,1.4562
1.73736e+09,1737360144025848407,1.81815,-0.882242,0,1.45583
1.73736e+09,1737360144125938697,1.81809,-0.882183,0,1.45546
1.73736e+09,1737360144225916484,1.8181,-0.882183,0,1.45546
1.73736e+09,1737360144325935939,1.8181,-0.882184,0,1.45546
1.73736e+09,1737360144425885287,1.81807,-0.882228,0,1.45546
1.73736e+09,1737360144525907190,1.81808,-0.882194,0,1.45535
1.73736e+09,1737360144625892946,1.81808,-0.882194,0,1.45535
1.73736e+09,1737360144725883181,1.81811,-0.881896,0,1.45579
1.73736e+09,1737360144825880082,1.81805,-0.882186,0,1.45546
1.73736e+09,1737360144925885058,1.81805,-0.882186,0,1.45546
1.73736e+09,1737360145025886907,1.81804,-0.882153,0,1.45546
1.73736e+09,1737360145125997614,1.8181,-0.882197,0,1.4554
1.73736e+09,1737360145225887377,1.81824,-0.882088,0,1.45716
1.73736e+09,1737360145325890111,1.81822,-0.8821,0,1.45695
1.73736e+09,1737360145425887377,1.81802,-0.882417,0,1.45496
1.73736e+09,1737360145525893914,1.8181,-0.882173,0,1.45512
1.73736e+09,1737360145625926493,1.8181,-0.882173,0,1.45512
1.73736e+09,1737360145725890425,1.81816,-0.882143,0,1.45595
1.73736e+09,1737360145825893264,1.81814,-0.882189,0,1.45625
1.73736e+09,1737360145925884800,1.81814,-0.882189,0,1.45625
1.73736e+09,1737360146025894879,1.81812,-0.882161,0,1.45527
1.73736e+09,1737360146125885113,1.81799,-0.882339,0,1.45512
1.73736e+09,1737360146225884617,1.81818,-0.881981,0,1.45644
1.73736e+09,1737360146325883549,1.81816,-0.882023,0,1.45624
1.73736e+09,1737360146425881960,1.81809,-0.882105,0,1.45604
1.73736e+09,1737360146525891778,1.81811,-0.882207,0,1.45546
1.73736e+09,1737360146625890398,1.81811,-0.882207,0,1.45546
1.73736e+09,1737360146725890475,1.81796,-0.88215,0,1.45546
1.73736e+09,1737360146825993681,1.81821,-0.882378,0,1.45634
1.73736e+09,1737360146925884954,1.8178,-0.882222,0,1.45517
1.73736e+09,1737360147025879146,1.81797,-0.882204,0,1.45533
1.73736e+09,1737360147125880108,1.8182,-0.882115,0,1.45546
1.73736e+09,1737360147225881644,1.81814,-0.882186,0,1.45513
1.73736e+09,1737360147325880992,1.81813,-0.882187,0,1.45518
1.73736e+09,1737360147425896903,1.81811,-0.882265,0,1.45501
1.73736e+09,1737360147525887084,1.81809,-0.882163,0,1.45571
1.73736e+09,1737360147625884036,1.81809,-0.882163,0,1.45571
1.73736e+09,1737360147725902030,1.81811,-0.882125,0,1.45546
1.73736e+09,1737360147825943879,1.81813,-0.882208,0,1.45567
1.73736e+09,1737360147925877705,1.81787,-0.882339,0,1.45369
1.73736e+09,1737360148025880490,1.818,-0.882257,0,1.45465
1.73736e+09,1737360148125893379,1.8181,-0.882184,0,1.45553
1.73736e+09,1737360148225827100,1.81806,-0.882037,0,1.45546
1.73736e+09,1737360148325838114,1.81807,-0.882062,0,1.45546
1.73736e+09,1737360148425880066,1.81816,-0.882257,0,1.45546
1.73736e+09,1737360148525838475,1.81812,-0.882166,0,1.45556
1.73736e+09,1737360148625843812,1.81812,-0.882166,0,1.45556
1.73736e+09,1737360148725880244,1.81813,-0.882273,0,1.45546
1.73736e+09,1737360148825882039,1.81796,-0.882524,0,1.45546
1.73736e+09,1737360148925844302,1.81802,-0.882196,0,1.45546
1.73736e+09,1737360149025983028,1.81806,-0.882192,0,1.45546
1.73736e+09,1737360149125889091,1.8181,-0.882164,0,1.45536
1.73736e+09,1737360149225882395,1.81796,-0.882499,0,1.45394
1.73736e+09,1737360149325948931,1.81797,-0.882458,0,1.45414
1.73736e+09,1737360149425882130,1.81818,-0.882252,0,1.45617
1.73736e+09,1737360149525878872,1.81807,-0.882071,0,1.45546
1.73736e+09,1737360149625881032,1.81807,-0.882071,0,1.45546
1.73736e+09,1737360149725885743,1.81804,-0.882505,0,1.45441
1.73736e+09,1737360149825842224,1.81821,-0.882139,0,1.45601
1.73736e+09,1737360149925894488,1.81797,-0.88155,0,1.45576
1.73736e+09,1737360150025891960,1.81804,-0.881893,0,1.4556
1.73736e+09,1737360150125883701,1.81813,-0.882192,0,1.45546
1.73736e+09,1737360150225895495,1.81792,-0.882119,0,1.45442
1.73736e+09,1737360150325881195,1.81795,-0.882129,0,1.45457
1.73736e+09,1737360150425887677,1.81814,-0.882197,0,1.45578
1.73736e+09,1737360150525879106,1.81809,-0.882245,0,1.45531
1.73736e+09,1737360150625885587,1.81809,-0.882245,0,1.45531
1.73736e+09,1737360150725885245,1.81797,-0.882057,0,1.45546
1.73736e+09,1737360150825943864,1.81803,-0.882174,0,1.45546
1.73736e+09,1737360150925918730,1.81829,-0.882296,0,1.45546
1.73736e+09,1737360151025884064,1.81819,-0.882237,0,1.45546
1.73736e+09,1737360151125883097,1.81809,-0.882218,0,1.45556
1.73736e+09,1737360151225945204,1.818,-0.88219,0,1.45393
1.73736e+09,1737360151325887673,1.81801,-0.88219,0,1.45408
1.73736e+09,1737360151425887956,1.81819,-0.882108,0,1.45546
1.73736e+09,1737360151525990168,1.81805,-0.882201,0,1.45546
1.73736e+09,1737360151625881229,1.81805,-0.882201,0,1.45546
1.73736e+09,1737360151725877449,1.8181,-0.882278,0,1.45546
1.73736e+09,1737360151825877836,1.81804,-0.882162,0,1.45546
1.73736e+09,1737360151925874890,1.81841,-0.882045,0,1.45598
1.73736e+09,1737360152025879912,1.81826,-0.882117,0,1.45572
1.73736e+09,1737360152125883423,1.81809,-0.882191,0,1.45543
1.73736e+09,1737360152225856205,1.81803,-0.882216,0,1.45418
1.73736e+09,1737360152325891123,1.81804,-0.882212,0,1.45436
1.73736e+09,1737360152425881561,1.81802,-0.882311,0,1.45595
1.73736e+09,1737360152525895958,1.81815,-0.882116,0,1.45647
1.73736e+09,1737360152625889209,1.81814,-0.882122,0,1.45639
1.73736e+09,1737360152725889491,1.81825,-0.882131,0,1.45445
1.73736e+09,1737360152826012173,1.81811,-0.882125,0,1.45605
1.73736e+09,1737360152925949276,1.81811,-0.882125,0,1.45605
1.73736e+09,1737360153025904817,1.8181,-0.882136,0,1.45595
1.73736e+09,1737360153125883900,1.8181,-0.882155,0,1.45553
1.73736e+09,1737360153225900536,1.81802,-0.882181,0,1.45604
1.73736e+09,1737360153325936808,1.81803,-0.882182,0,1.45596
1.73736e+09,1737360153425892245,1.81814,-0.882248,0,1.45467
1.73736e+09,1737360153525893307,1.81818,-0.88219,0,1.45571
1.73736e+09,1737360153626005207,1.81818,-0.88219,0,1.45571
1.73736e+09,1737360153725907412,1.81796,-0.882118,0,1.45546
1.73736e+09,1737360153825886339,1.81802,-0.882368,0,1.45574
1.73736e+09,1737360153925922611,1.81802,-0.882368,0,1.45574
1.73736e+09,1737360154025945758,1.81808,-0.882177,0,1.45511
1.73736e+09,1737360154125885516,1.81816,-0.882213,0,1.45546
1.73736e+09,1737360154225913245,1.81817,-0.882295,0,1.45578
1.73736e+09,1737360154325888369,1.81815,-0.882268,0,1.4557
1.73736e+09,1737360154425893806,1.81802,-0.882164,0,1.45546
1.73736e+09,1737360154525884087,1.8181,-0.882212,0,1.45537
1.73736e+09,1737360154625898951,1.8181,-0.882212,0,1.45537
1.73736e+09,1737360154725910951,1.81814,-0.882151,0,1.45623
1.73736e+09,1737360154825884565,1.81809,-0.882304,0,1.45491
1.73736e+09,1737360154925931201,1.81809,-0.882304,0,1.45491
1.73736e+09,1737360155025916064,1.81806,-0.882229,0,1.45529
1.73736e+09,1737360155125914990,1.81822,-0.882073,0,1.45546
1.73736e+09,1737360155225887509,1.81814,-0.88228,0,1.45684
1.73736e+09,1737360155325921332,1.81813,-0.882263,0,1.45658
1.73736e+09,1737360155425886507,1.81805,-0.882142,0,1.45484
1.73736e+09,1737360155525895485,1.81805,-0.882142,0,1.45484
1.73736e+09,1737360155625881546,1.81805,-0.882142,0,1.45484
1.73736e+09,1737360155725895837,1.81811,-0.881995,0,1.4561
1.73736e+09,1737360155825888408,1.81813,-0.882298,0,1.45572
1.73736e+09,1737360155925884313,1.81813,-0.882298,0,1.45572
1.73736e+09,1737360156025887562,1.81811,-0.882203,0,1.45535
1.73736e+09,1737360156125882946,1.81816,-0.882092,0,1.45546
1.73736e+09,1737360156225890465,1.818,-0.882092,0,1.4546
1.73736e+09,1737360156325906943,1.81802,-0.882111,0,1.45477
1.73736e+09,1737360156425890190,1.81812,-0.882174,0,1.45583
1.73736e+09,1737360156525878021,1.81812,-0.882111,0,1.45583
1.73736e+09,1737360156625895124,1.81812,-0.882111,0,1.45583
1.73736e+09,1737360156725891653,1.81786,-0.878194,0,1.46358
1.73736e+09,1737360156825884016,1.81731,-0.879037,0,1.46681
1.73736e+09,1737360156925892994,1.81731,-0.879037,0,1.46681
1.73736e+09,1737360157025892075,1.81972,-0.879399,0,1.50114
1.73736e+09,1737360157125895166,1.82277,-0.881449,0,1.5276
1.73736e+09,1737360157225885028,1.82401,-0.818224,0,1.59716
1.73736e+09,1737360157325890255,1.82468,-0.82188,0,1.59221
1.73736e+09,1737360157425891003,1.82457,-0.823376,0,1.56815
1.73736e+09,1737360157525888990,1.82766,-0.780061,0,1.5961
1.73736e+09,1737360157625936301,1.82766,-0.780061,0,1.5961
1.73736e+09,1737360157725898662,1.8208,-0.75639,0,1.5892
1.73736e+09,1737360157825885086,1.77805,-0.718747,0,1.62669
1.73736e+09,1737360157925954013,1.77805,-0.718747,0,1.62669
1.73736e+09,1737360158025887207,1.77991,-0.68541,0,1.62852
1.73736e+09,1737360158125887849,1.77727,-0.656832,0,1.61345
1.73736e+09,1737360158225888388,1.77759,-0.608296,0,1.61299
1.73736e+09,1737360158325898823,1.77797,-0.614648,0,1.61288
1.73736e+09,1737360158425887902,1.77775,-0.619579,0,1.60235
1.73736e+09,1737360158525883597,1.77599,-0.588095,0,1.56257
1.73736e+09,1737360158625923512,1.77599,-0.588095,0,1.56257
1.73736e+09,1737360158725885091,1.77279,-0.559167,0,1.47766
1.73736e+09,1737360158825888963,1.77183,-0.520042,0,1.46902
1.73736e+09,1737360158925887470,1.77183,-0.520042,0,1.46902
1.73736e+09,1737360159025890144,1.76883,-0.516482,0,1.4136
1.73736e+09,1737360159125841931,1.81813,-0.461917,0,1.38977
1.73736e+09,1737360159225901585,1.81763,-0.409831,0,1.39217
1.73736e+09,1737360159325892018,1.81733,-0.41322,0,1.39658
1.73736e+09,1737360159425896150,1.81378,-0.421589,0,1.35673
1.73736e+09,1737360159525879552,1.8096,-0.425526,0,1.31094
1.73736e+09,1737360159625891965,1.8096,-0.425526,0,1.31094
1.73736e+09,1737360159725931046,1.81439,-0.355345,0,1.31659
1.73736e+09,1737360159825883509,1.81135,-0.363849,0,1.31509
1.73736e+09,1737360159925886183,1.81135,-0.363849,0,1.31509
1.73736e+09,1737360160025892241,1.8092,-0.326865,0,1.31706
1.73736e+09,1737360160125879185,1.81501,-0.300742,0,1.33276
1.73736e+09,1737360160225859461,1.81615,-0.252748,0,1.36866
1.73736e+09,1737360160325888697,1.81495,-0.259147,0,1.36458
1.73736e+09,1737360160425886005,1.81337,-0.268025,0,1.35928
1.73736e+09,1737360160525885240,1.86491,-0.228376,0,1.40542
1.73736e+09,1737360160625924424,1.86491,-0.228376,0,1.40542
1.73736e+09,1737360160725895221,1.86916,-0.152988,0,1.44063
1.73736e+09,1737360160825883258,1.86862,-0.163976,0,1.45
1.73736e+09,1737360160925860201,1.86862,-0.163976,0,1.45
1.73736e+09,1737360161025884124,1.86966,-0.126271,0,1.47631
1.73736e+09,1737360161125896432,1.871,-0.0517304,0,1.50755
1.73736e+09,1737360161225889416,1.87104,-0.051602,0,1.51096
1.73736e+09,1737360161325889432,1.87179,-0.0426738,0,1.51752
1.73736e+09,1737360161425910647,1.87321,-0.0148664,0,1.54259
1.73736e+09,1737360161525887328,1.87738,0.0234655,0,1.60243
1.73736e+09,1737360161625890209,1.87738,0.0234655,0,1.60243
1.73736e+09,1737360161726034343,1.82543,0.0508525,0,1.63952
1.73736e+09,1737360161825898626,1.83014,0.0853212,0,1.68834
1.73736e+09,1737360161925940570,1.83014,0.0853212,0,1.68834
1.73736e+09,1737360162026364244,1.83544,0.110673,0,1.73129
1.73736e+09,1737360162125902475,1.8343,0.144408,0,1.79163
1.73736e+09,1737360162225892594,1.83496,0.192603,0,1.8204
1.73736e+09,1737360162325932922,1.83659,0.186537,0,1.81164
1.73736e+09,1737360162425962105,1.83679,0.180198,0,1.77262
1.73736e+09,1737360162525937692,1.84022,0.222344,0,1.78651
1.73736e+09,1737360162625884060,1.84022,0.222344,0,1.78651
1.73736e+09,1737360162725900794,1.78578,0.290368,0,1.78128
1.73736e+09,1737360162825883257,1.78403,0.298117,0,1.76246
1.73736e+09,1737360162925885511,1.78403,0.298117,0,1.76246
1.73736e+09,1737360163025921152,1.78754,0.274451,0,1.75018
1.73736e+09,1737360163125906114,1.78254,0.342997,0,1.74369
1.73736e+09,1737360163225885555,1.78233,0.394207,0,1.71564
1.73736e+09,1737360163325890101,1.78308,0.390554,0,1.71835
1.73736e+09,1737360163425891157,1.78337,0.379143,0,1.68913
1.73736e+09,1737360163525887317,1.78207,0.422145,0,1.6585
1.73736e+09,1737360163625988168,1.78207,0.422145,0,1.6585
1.73736e+09,1737360163725892450,1.77898,0.418798,0,1.61073
1.73736e+09,1737360163825881423,1.7772,0.486177,0,1.57512
1.73736e+09,1737360163925896177,1.7772,0.486177,0,1.57512
1.73736e+09,1737360164025919786,1.77568,0.474995,0,1.55186
1.73736e+09,1737360164125900424,1.77407,0.546657,0,1.49796
1.73736e+09,1737360164225879917,1.77325,0.597503,0,1.48616
1.73736e+09,1737360164325892743,1.77306,0.593822,0,1.48885
1.73736e+09,1737360164425892549,1.77089,0.584935,0,1.46519
1.73736e+09,1737360164525879593,1.77063,0.619876,0,1.49002
1.73736e+09,1737360164625883462,1.77063,0.619876,0,1.49002
1.73736e+09,1737360164725892746,1.77244,0.697883,0,1.50727
1.73736e+09,1737360164825862186,1.77244,0.706706,0,1.49978
1.73736e+09,1737360164925892566,1.77244,0.706706,0,1.49978
1.73736e+09,1737360165025896277,1.77203,0.725692,0,1.51178
1.73736e+09,1737360165125882905,1.77298,0.718853,0,1.52626
1.73736e+09,1737360165225890991,1.77514,0.797992,0,1.58524
1.73736e+09,1737360165325915953,1.77519,0.791665,0,1.57998
1.73736e+09,1737360165425943831,1.77828,0.807423,0,1.62192
1.73736e+09,1737360165525889468,1.78174,0.825156,0,1.67457
1.73736e+09,1737360165625887762,1.78174,0.825156,0,1.67457
1.73736e+09,1737360165725899338,1.78363,0.89448,0,1.81358
1.73736e+09,1737360165825897216,1.78914,0.886353,0,1.86247
1.73736e+09,1737360165925945460,1.78914,0.886353,0,1.86247
1.73736e+09,1737360166025889273,1.75758,0.916048,0,1.92285
1.73736e+09,1737360166125883296,1.75609,0.925976,0,2.03078
1.73736e+09,1737360166225903413,1.7441,0.952199,0,2.2658
1.73736e+09,1737360166325919676,1.74758,0.952074,0,2.22788
1.73736e+09,1737360166426039484,1.76003,0.937343,0,2.21184
1.73736e+09,1737360166525890742,1.71901,0.985155,0,2.26732
1.73736e+09,1737360166625896328,1.71901,0.985155,0,2.26732
1.73736e+09,1737360166725899934,1.71164,0.998571,0,2.42808
1.73736e+09,1737360166825880675,1.71876,0.999522,0,2.47158
1.73736e+09,1737360166926292158,1.71876,0.999522,0,2.47158
1.73736e+09,1737360167025899555,1.67893,1.00062,0,2.54278
1.73736e+09,1737360167125884410,1.66828,1.01046,0,2.69388
1.73736e+09,1737360167225888329,1.62208,1.01543,0,2.81991
1.73736e+09,1737360167325894122,1.62713,1.01576,0,2.79361
1.73736e+09,1737360167425891946,1.63076,1.01995,0,2.87387
1.73736e+09,1737360167525890500,1.58907,1.0246,0,2.94547
1.73736e+09,1737360167625888116,1.58907,1.0246,0,2.94547
1.73736e+09,1737360167725893909,1.57732,1.03004,0,3.0961
1.73736e+09,1737360167825896004,1.58546,1.03541,0,3.12387
1.73736e+09,1737360167925909246,1.58546,1.03541,0,3.12387
1.73736e+09,1737360168025882955,1.54019,1.04137,0,-3.07206
1.73736e+09,1737360168125937551,1.53132,1.0431,0,-2.97875
1.73736e+09,1737360168225884592,1.53097,1.04612,0,-2.95238
1.73736e+09,1737360168325887415,1.52644,1.04654,0,-2.95224
1.73736e+09,1737360168425895656,1.48565,1.04846,0,-2.9484
1.73736e+09,1737360168525882594,1.48975,0.998824,0,-2.95731
1.73736e+09,1737360168625892553,1.48975,0.998824,0,-2.95731
1.73736e+09,1737360168725882825,1.49418,0.9998,0,-2.96014
1.73736e+09,1737360168825907576,1.41312,0.997272,0,-2.94277
1.73736e+09,1737360168925887066,1.41312,0.997272,0,-2.94277
1.73736e+09,1737360169025889837,1.38837,0.99787,0,-2.96962
1.73736e+09,1737360169125894484,1.37253,0.994752,0,-3.00111
1.73736e+09,1737360169225888505,1.32268,0.994243,0,-3.03043
1.73736e+09,1737360169325890859,1.32483,0.994144,0,-3.03339
1.73736e+09,1737360169425885713,1.30974,0.991285,0,-3.09485
1.73736e+09,1737360169525890099,1.29065,0.986295,0,3.11731
1.73736e+09,1737360169625898651,1.29065,0.986295,0,3.11731
1.73736e+09,1737360169725894599,1.24654,0.979544,0,3.0267
1.73736e+09,1737360169825889662,1.22907,0.974037,0,2.84851
1.73736e+09,1737360169925935299,1.22907,0.974037,0,2.84851
1.73736e+09,1737360170025881089,1.23807,0.967564,0,2.7946
1.73736e+09,1737360170125892818,1.21103,1.02672,0,2.57917
1.73736e+09,1737360170225889963,1.17401,1.01117,0,2.54393
1.73736e+09,1737360170325954246,1.17741,1.01047,0,2.56711
1.73736e+09,1737360170425882952,1.17805,1.00734,0,2.54847
1.73736e+09,1737360170525890618,1.17855,1.0486,0,2.46706
1.73736e+09,1737360170625892243,1.17855,1.0486,0,2.46706
1.73736e+09,1737360170725894128,1.1198,1.05335,0,2.43031
1.73736e+09,1737360170825886013,1.11809,1.05124,0,2.43359
1.73736e+09,1737360170925888262,1.11809,1.05124,0,2.43359
1.73736e+09,1737360171025936502,1.12507,1.04519,0,2.43377
1.73736e+09,1737360171125896823,1.06225,1.10947,0,2.51003
1.73736e+09,1737360171225896936,1.06469,1.10928,0,2.55549
1.73736e+09,1737360171325892519,1.06815,1.10708,0,2.54865
1.73736e+09,1737360171425891851,1.02561,1.10376,0,2.55362
1.73736e+09,1737360171525894672,1.0312,1.15351,0,2.59677
1.73736e+09,1737360171625899109,1.0312,1.15351,0,2.59677
1.73736e+09,1737360171725939224,0.967564,1.16317,0,2.65278
1.73736e+09,1737360171826016475,0.976856,1.15918,0,2.66224
1.73736e+09,1737360171926298940,0.976856,1.15918,0,2.66224
1.73736e+09,1737360172025892323,0.984529,1.15776,0,2.68798
1.73736e+09,1737360172125897332,0.931883,1.16258,0,2.79026
1.73736e+09,1737360172225889892,0.939234,1.16211,0,2.78649
1.73736e+09,1737360172325904224,0.939589,1.16211,0,2.78214
1.73736e+09,1737360172425892097,0.941401,1.16167,0,2.76544
1.73736e+09,1737360172525891376,0.94123,1.16158,0,2.76452
1.73736e+09,1737360172625884458,0.94123,1.16158,0,2.76452
1.73736e+09,1737360172725908478,0.942081,1.16138,0,2.76327
1.73736e+09,1737360172825885777,0.94116,1.16147,0,2.7651
1.73736e+09,1737360172925882505,0.94116,1.16147,0,2.7651
1.73736e+09,1737360173025899441,0.941187,1.16162,0,2.76479
1.73736e+09,1737360173125899345,0.941238,1.16158,0,2.76443
1.73736e+09,1737360173225887634,0.941318,1.16151,0,2.76413
1.73736e+09,1737360173325910246,0.941305,1.16152,0,2.76418
1.73736e+09,1737360173425903119,0.941222,1.16159,0,2.7636
1.73736e+09,1737360173525913283,0.94122,1.16156,0,2.76473
1.73736e+09,1737360173625908395,0.94122,1.16156,0,2.76473
1.73736e+09,1737360173725890017,0.94135,1.16176,0,2.76538
1.73736e+09,1737360173825884088,0.941231,1.16156,0,2.76483
1.73736e+09,1737360173925883523,0.941231,1.16156,0,2.76483
1.73736e+09,1737360174025896968,0.941285,1.1615,0,2.76397
1.73736e+09,1737360174125953540,0.941231,1.16158,0,2.76453
1.73736e+09,1737360174225882035,0.941223,1.16148,0,2.76593
1.73736e+09,1737360174325889282,0.941225,1.1615,0,2.76557
1.73736e+09,1737360174425846945,0.941192,1.16169,0,2.76379
1.73736e+09,1737360174525927006,0.941332,1.16156,0,2.76419
1.73736e+09,1737360174626250617,0.941332,1.16156,0,2.76419
1.73736e+09,1737360174726359325,0.941295,1.16157,0,2.76415
1.73736e+09,1737360174825960780,0.941241,1.16161,0,2.76475
1.73736e+09,1737360174925958079,0.941241,1.16161,0,2.76475
1.73736e+09,1737360175025888657,0.941029,1.16154,0,2.76543
1.73736e+09,1737360175125835693,0.941517,1.16153,0,2.76359
1.73736e+09,1737360175226602857,0.941362,1.1613,0,2.76446
1.73736e+09,1737360175325894302,0.941336,1.16136,0,2.76446
1.73736e+09,1737360175425930612,0.941294,1.16161,0,2.76395
1.73736e+09,1737360175525929994,0.941188,1.16159,0,2.76467
1.73736e+09,1737360175625894322,0.941188,1.16159,0,2.76467
1.73736e+09,1737360175725895006,0.941381,1.16157,0,2.76446
1.73736e+09,1737360175825887513,0.941186,1.16156,0,2.76461
1.73736e+09,1737360175925887519,0.941186,1.16156,0,2.76461
1.73736e+09,1737360176025891797,0.941244,1.16158,0,2.76439
1.73736e+09,1737360176125891022,0.941383,1.16142,0,2.76279
1.73736e+09,1737360176225921185,0.941014,1.16159,0,2.76517
1.73736e+09,1737360176326418237,0.941075,1.16158,0,2.76497
1.73736e+09,1737360176425937396,0.941253,1.16157,0,2.76479
1.73736e+09,1737360176525880161,0.941322,1.16157,0,2.7643
1.73736e+09,1737360176625884646,0.941322,1.16157,0,2.7643
1.73736e+09,1737360176725892101,0.941035,1.16175,0,2.76446
1.73736e+09,1737360176825885388,0.94145,1.16156,0,2.76429
1.73736e+09,1737360176925889665,0.94145,1.16156,0,2.76429
1.73736e+09,1737360177025986445,0.941149,1.16159,0,2.76482
1.73736e+09,1737360177125922177,0.941239,1.16156,0,2.7644
1.73736e+09,1737360177225887078,0.941148,1.16181,0,2.76592
1.73736e+09,1737360177325914115,0.941163,1.16177,0,2.76566
1.73736e+09,1737360177425895006,0.941201,1.16142,0,2.76386
1.73736e+09,1737360177525881156,0.941235,1.16155,0,2.76453
1.73736e+09,1737360177625886787,0.941235,1.16155,0,2.76453
1.73736e+09,1737360177725887574,0.941227,1.16167,0,2.76446
1.73736e+09,1737360177825978467,0.940941,1.16175,0,2.76509
1.73736e+09,1737360177925909356,0.940941,1.16175,0,2.76509
1.73736e+09,1737360178025891809,0.941173,1.1615,0,2.76487
1.73736e+09,1737360178125887855,0.941415,1.16138,0,2.76304
1.73736e+09,1737360178225882860,0.941127,1.16152,0,2.76446
1.73736e+09,1737360178325895105,0.941151,1.16153,0,2.76446
1.73736e+09,1737360178425884901,0.9415,1.16172,0,2.76446
1.73736e+09,1737360178525889021,0.941206,1.16156,0,2.7645
1.73736e+09,1737360178625965903,0.941206,1.16156,0,2.7645
1.73736e+09,1737360178725897573,0.941206,1.16151,0,2.7636
1.73736e+09,1737360178825889817,0.941203,1.16173,0,2.76476
1.73736e+09,1737360178926266395,0.941203,1.16173,0,2.76476
1.73736e+09,1737360179025896337,0.941159,1.16155,0,2.76421
1.73736e+09,1737360179125928530,0.941231,1.16156,0,2.76446
1.73736e+09,1737360179225970566,0.941415,1.16169,0,2.76531
1.73736e+09,1737360179325885100,0.941369,1.16166,0,2.76509
1.73736e+09,1737360179425883281,0.9413,1.1615,0,2.76406
1.73736e+09,1737360179525887973,0.94122,1.16157,0,2.76457
1.73736e+09,1737360179625888081,0.94122,1.16157,0,2.76457
1.73736e+09,1737360179725890742,0.941524,1.16154,0,2.76337
1.73736e+09,1737360179825910903,0.941337,1.16174,0,2.76518
1.73736e+09,1737360179925896167,0.941337,1.16174,0,2.76518
1.73736e+09,1737360180025885389,0.941039,1.16161,0,2.76491
1.73736e+09,1737360180125882528,0.941879,1.1616,0,2.76307
1.73736e+09,1737360180225894407,0.941404,1.16159,0,2.76362
1.73736e+09,1737360180325896807,0.941355,1.16158,0,2.76385
1.73736e+09,1737360180425896498,0.941148,1.16154,0,2.76464
1.73736e+09,1737360180525883585,0.941318,1.16159,0,2.76446
1.73736e+09,1737360180625928590,0.941318,1.16159,0,2.76446
1.73736e+09,1737360180725885102,0.941034,1.16139,0,2.76379
1.73736e+09,1737360180825886096,0.941217,1.16151,0,2.76394
1.73736e+09,1737360180925882453,0.941217,1.16151,0,2.76394
1.73736e+09,1737360181025901364,0.941257,1.16157,0,2.76446
1.73736e+09,1737360181125884387,0.941222,1.1617,0,2.76533
1.73736e+09,1737360181225844232,0.941187,1.1616,0,2.76492
1.73736e+09,1737360181325884497,0.941193,1.1616,0,2.76486
1.73736e+09,1737360181425883146,0.941478,1.16153,0,2.76398
1.73736e+09,1737360181525889243,0.941288,1.16156,0,2.76446
1.73736e+09,1737360181625881589,0.941288,1.16156,0,2.76446
1.73736e+09,1737360181725888363,0.941042,1.16144,0,2.76446
1.73736e+09,1737360181825894512,0.941278,1.16164,0,2.76446
1.73736e+09,1737360181925884567,0.941278,1.16164,0,2.76446
1.73736e+09,1737360182025888945,0.941254,1.1616,0,2.76439
1.73736e+09,1737360182125896708,0.941223,1.16157,0,2.76446
1.73736e+09,1737360182225899731,0.941114,1.16136,0,2.7638
1.73736e+09,1737360182325888483,0.941134,1.16139,0,2.76391
1.73736e+09,1737360182425889319,0.941358,1.1616,0,2.76446
1.73736e+09,1737360182525890103,0.941228,1.16157,0,2.76448
1.73736e+09,1737360182625892293,0.941228,1.16157,0,2.76448
1.73736e+09,1737360182725897399,0.940535,1.16172,0,2.76446
1.73736e+09,1737360182825925527,0.941214,1.16141,0,2.76365
1.73736e+09,1737360182925881726,0.941214,1.16141,0,2.76365
1.73736e+09,1737360183025918240,0.9412,1.16159,0,2.76465
1.73736e+09,1737360183125885897,0.941215,1.16155,0,2.76446
1.73736e+09,1737360183225895847,0.941243,1.1616,0,2.76491
1.73736e+09,1737360183325896838,0.94124,1.16159,0,2.76479
1.73736e+09,1737360183425883871,0.941286,1.16158,0,2.76446
1.73736e+09,1737360183525909134,0.941179,1.16158,0,2.7642
1.73736e+09,1737360183625887156,0.941179,1.16158,0,2.7642
1.73736e+09,1737360183725889553,0.941334,1.1617,0,2.76446
1.73736e+09,1737360183825888565,0.940922,1.16165,0,2.76505
1.73736e+09,1737360183925885546,0.940922,1.16165,0,2.76505
1.73736e+09,1737360184025881798,0.941227,1.16159,0,2.76467
1.73736e+09,1737360184125881590,0.941206,1.16137,0,2.76304
1.73736e+09,1737360184225890863,0.941221,1.16152,0,2.76446
1.73736e+09,1737360184325932375,0.941224,1.16153,0,2.76446
1.73736e+09,1737360184425942585,0.941379,1.16157,0,2.76393
1.73736e+09,1737360184525890918,0.941197,1.16158,0,2.76462
1.73736e+09,1737360184625898680,0.941197,1.16158,0,2.76462
1.73736e+09,1737360184725889983,0.941845,1.16292,0,2.78301
1.73736e+09,1737360184825927902,0.935025,1.16641,0,2.84636
1.73736e+09,1737360184925887954,0.935025,1.16641,0,2.84636
1.73736e+09,1737360185025901184,0.941302,1.17044,0,2.89783
1.73736e+09,1737360185125889101,0.931893,1.17404,0,2.99163
1.73736e+09,1737360185225924832,0.881469,1.17993,0,3.10038
1.73736e+09,1737360185325884831,0.884268,1.1811,0,3.08276
1.73736e+09,1737360185425893321,0.887296,1.18614,0,3.13871
1.73736e+09,1737360185525888217,0.893428,1.19092,0,-3.08755
1.73736e+09,1737360185625885405,0.893428,1.19092,0,-3.08755
1.73736e+09,1737360185725951866,0.881313,1.14331,0,-2.95438
1.73736e+09,1737360185825893531,0.833615,1.15023,0,-2.88709
1.73736e+09,1737360185925900042,0.833615,1.15023,0,-2.88709
1.73736e+09,1737360186025890876,0.839956,1.1549,0,-2.87026
1.73736e+09,1737360186125893845,0.827057,1.15736,0,-2.66805
1.73736e+09,1737360186225887386,0.774644,1.11035,0,-2.57766
1.73736e+09,1737360186325883011,0.77618,1.11311,0,-2.59121
1.73736e+09,1737360186425883740,0.778065,1.12116,0,-2.55129
1.73736e+09,1737360186525880354,0.780283,1.12936,0,-2.48115
1.73736e+09,1737360186625887437,0.780283,1.12936,0,-2.48115
1.73736e+09,1737360186725881864,0.76689,1.07466,0,-2.35451
1.73736e+09,1737360186825888427,0.714624,1.07913,0,-2.32852
1.73736e+09,1737360186925896552,0.714624,1.07913,0,-2.32852
1.73736e+09,1737360187025886239,0.721,1.083,0,-2.35735
1.73736e+09,1737360187125894728,0.723408,1.08706,0,-2.33171
1.73736e+09,1737360187225888685,0.707203,1.01934,0,-2.33442
1.73736e+09,1737360187325968114,0.699963,1.02234,0,-2.33402
1.73736e+09,1737360187425884934,0.665425,1.0272,0,-2.36517
1.73736e+09,1737360187525887902,0.630567,0.987623,0,-2.40296
1.73736e+09,1737360187625888735,0.630567,0.987623,0,-2.40296
1.73736e+09,1737360187725898838,0.610823,0.966532,0,-2.43843
1.73736e+09,1737360187825890660,0.617679,0.923724,0,-2.42847
1.73736e+09,1737360187925889253,0.617679,0.923724,0,-2.42847
1.73736e+09,1737360188025890138,0.584296,0.930004,0,-2.42159
1.73736e+09,1737360188125897637,0.559702,0.914779,0,-2.4411
1.73736e+09,1737360188225884875,0.508874,0.864254,0,-2.43943
1.73736e+09,1737360188325898832,0.513562,0.868457,0,-2.43879
1.73736e+09,1737360188425884143,0.504459,0.86133,0,-2.4328
1.73736e+09,1737360188525891277,0.472574,0.878177,0,-2.41469
1.73736e+09,1737360188625889661,0.472574,0.878177,0,-2.41469
1.73736e+09,1737360188725999558,0.476017,0.834554,0,-2.383
1.73736e+09,1737360188825886793,0.464245,0.825128,0,-2.32148
1.73736e+09,1737360188925889292,0.464245,0.825128,0,-2.32148
1.73736e+09,1737360189025892780,0.41516,0.785251,0,-2.24207
1.73736e+09,1737360189125881476,0.418103,0.792331,0,-2.22373
1.73736e+09,1737360189225887099,0.401249,0.731184,0,-1.96686
1.73736e+09,1737360189325888608,0.401429,0.736726,0,-1.98849
1.73736e+09,1737360189425892564,0.401109,0.745686,0,-1.95469
1.73736e+09,1737360189525888083,0.397988,0.751099,0,-1.89378
1.73736e+09,1737360189625898498,0.397988,0.751099,0,-1.89378
1.73736e+09,1737360189725891777,0.389058,0.693747,0,-1.72159
1.73736e+09,1737360189825880733,0.384684,0.699607,0,-1.67656
1.73736e+09,1737360189925892242,0.384684,0.699607,0,-1.67656
1.73736e+09,1737360190025888281,0.380944,0.704345,0,-1.63054
1.73736e+09,1737360190125928071,0.376468,0.690125,0,-1.50605
1.73736e+09,1737360190225896193,0.373379,0.640471,0,-1.44445
1.73736e+09,1737360190325906243,0.385547,0.644129,0,-1.44508
1.73736e+09,1737360190425881343,0.419911,0.648238,0,-1.43587
1.73736e+09,1737360190525880820,0.416601,0.603425,0,-1.42165
1.73736e+09,1737360190625865973,0.416601,0.603425,0,-1.42165
1.73736e+09,1737360190725888263,0.421227,0.578177,0,-1.4325
1.73736e+09,1737360190825847425,0.418636,0.541787,0,-1.4239
1.73736e+09,1737360190926011542,0.418636,0.541787,0,-1.4239
1.73736e+09,1737360191025885077,0.419595,0.514722,0,-1.45802
1.73736e+09,1737360191125886480,0.425441,0.482678,0,-1.57131
1.73736e+09,1737360191225885071,0.423602,0.484106,0,-1.58794
1.73736e+09,1737360191325893922,0.424545,0.475329,0,-1.58907
1.73736e+09,1737360191425892981,0.431179,0.449265,0,-1.66255
1.73736e+09,1737360191525887353,0.438117,0.452572,0,-1.76868
1.73736e+09,1737360191627136917,0.438117,0.452572,0,-1.76868
1.73736e+09,1737360191725890003,0.439217,0.391613,0,-1.91278
1.73736e+09,1737360191825913594,0.39478,0.395266,0,-1.96129
1.73736e+09,1737360191925929789,0.39478,0.395266,0,-1.96129
1.73736e+09,1737360192025889160,0.401324,0.398109,0,-2.00636
1.73736e+09,1737360192125893687,0.391092,0.371666,0,-2.26846
1.73736e+09,1737360192225891183,0.350826,0.331225,0,-2.21921
1.73736e+09,1737360192325884096,0.352762,0.335421,0,-2.20193
1.73736e+09,1737360192425902739,0.362158,0.33794,0,-2.25801
1.73736e+09,1737360192525891953,0.370848,0.337324,0,-2.32536
1.73736e+09,1737360192625910648,0.370848,0.337324,0,-2.32536
1.73736e+09,1737360192725886373,0.312708,0.273619,0,-2.41444
1.73736e+09,1737360192825891421,0.315574,0.274144,0,-2.3895
1.73736e+09,1737360192925886417,0.315574,0.274144,0,-2.3895
1.73736e+09,1737360193025890736,0.32215,0.278765,0,-2.39907
1.73736e+09,1737360193125898232,0.276455,0.283217,0,-2.40092
1.73736e+09,1737360193225931926,0.256843,0.216277,0,-2.35027
1.73736e+09,1737360193325893848,0.261256,0.220935,0,-2.35409
1.73736e+09,1737360193425889104,0.267147,0.228522,0,-2.33906
1.73736e+09,1737360193525896964,0.2199,0.186435,0,-2.29215
1.73736e+09,1737360193625888991,0.2199,0.186435,0,-2.29215
1.73736e+09,1737360193725886903,0.206988,0.17171,0,-2.24856
1.73736e+09,1737360193825891065,0.209436,0.130527,0,-2.19854
1.73736e+09,1737360193925994553,0.209436,0.130527,0,-2.19854
1.73736e+09,1737360194025951162,0.162718,0.141123,0,-2.16303
1.73736e+09,1737360194125968032,0.14844,0.122981,0,-2.05435
1.73736e+09,1737360194225933599,0.144843,0.0783526,0,-1.95013
1.73736e+09,1737360194325891822,0.146339,0.0694936,0,-1.94592
1.73736e+09,1737360194426297974,0.144796,0.0411774,0,-1.88319
1.73736e+09,1737360194525915250,0.143562,0.0481848,0,-1.8415
1.73736e+09,1737360194625911912,0.143562,0.0481848,0,-1.8415
1.73736e+09,1737360194725900760,0.137111,0.0305526,0,-1.7703
1.73736e+09,1737360194825976122,0.133098,-0.00681174,0,-1.6586
1.73736e+09,1737360194926798693,0.133098,-0.00681174,0,-1.6586
1.73736e+09,1737360195025939705,0.130082,0.00261817,0,-1.62237
1.73736e+09,1737360195125904333,0.12338,-0.0565529,0,-1.51425
1.73736e+09,1737360195225881463,0.122297,-0.0510521,0,-1.51511
1.73736e+09,1737360195325888020,0.122575,-0.0492154,0,-1.52166
1.73736e+09,1737360195425972339,0.123755,-0.0450719,0,-1.53428
1.73736e+09,1737360195525891290,0.124394,-0.0427811,0,-1.54586
1.73736e+09,1737360195625889513,0.124394,-0.0427811,0,-1.54586
1.73736e+09,1737360195725894976,0.124422,-0.042627,0,-1.54527
1.73736e+09,1737360195825959764,0.12445,-0.0427717,0,-1.54749
1.73736e+09,1737360195925896476,0.12445,-0.0427717,0,-1.54749
1.73736e+09,1737360196025893189,0.12462,-0.0426374,0,-1.54632
1.73736e+09,1737360196125884536,0.124344,-0.0427121,0,-1.5461
1.73736e+09,1737360196225891509,0.123204,-0.0428511,0,-1.52821
1.73736e+09,1737360196325889732,0.12321,-0.0428224,0,-1.52839
1.73736e+09,1737360196425892174,0.124476,-0.0426453,0,-1.54676
1.73736e+09,1737360196525884251,0.124509,-0.0426621,0,-1.54633
1.73736e+09,1737360196625884088,0.124509,-0.0426621,0,-1.54633
1.73736e+09,1737360196725888092,0.124082,-0.0426606,0,-1.54519
1.73736e+09,1737360196825958348,0.124435,-0.0427673,0,-1.54652
1.73736e+09,1737360196925894538,0.124435,-0.0427673,0,-1.54652
1.73736e+09,1737360197025896771,0.123075,-0.0426867,0,-1.52939
1.73736e+09,1737360197125889525,0.124518,-0.0426414,0,-1.54652
1.73736e+09,1737360197225883372,0.124918,-0.0428286,0,-1.54489
1.73736e+09,1737360197325890136,0.124865,-0.0428111,0,-1.54507
1.73736e+09,1737360197425900285,0.124407,-0.0427238,0,-1.54683
1.73736e+09,1737360197525895018,0.124484,-0.0426612,0,-1.5464
1.73736e+09,1737360197625889855,0.124484,-0.0426612,0,-1.5464
1.73736e+09,1737360197725893702,0.124429,-0.0426847,0,-1.547
1.73736e+09,1737360197825886403,0.123943,-0.0427362,0,-1.54029
1.73736e+09,1737360197925882386,0.123943,-0.0427362,0,-1.54029
1.73736e+09,1737360198025888473,0.123999,-0.0426406,0,-1.53999
1.73736e+09,1737360198125925758,0.124771,-0.0426598,0,-1.54552
1.73736e+09,1737360198225887625,0.124362,-0.0427486,0,-1.54684
1.73736e+09,1737360198325900013,0.124387,-0.0427282,0,-1.54675
1.73736e+09,1737360198425885683,0.124447,-0.0426699,0,-1.54689
1.73736e+09,1737360198525891196,0.12336,-0.0427152,0,-1.53191
1.73736e+09,1737360198625886814,0.12336,-0.0427152,0,-1.53191
1.73736e+09,1737360198725893265,0.123347,-0.0426227,0,-1.52752
1.73736e+09,1737360198825939300,0.124448,-0.042594,0,-1.54652
1.73736e+09,1737360198925896062,0.124448,-0.042594,0,-1.54652
1.73736e+09,1737360199025907722,0.123378,-0.0427065,0,-1.53328
1.73736e+09,1737360199125904536,0.124384,-0.0426607,0,-1.54541
1.73736e+09,1737360199225886611,0.124826,-0.0429344,0,-1.54565
1.73736e+09,1737360199325913739,0.124768,-0.0428936,0,-1.54578
1.73736e+09,1737360199425892480,0.124358,-0.0426317,0,-1.54683
1.73736e+09,1737360199525889660,0.124445,-0.0426685,0,-1.54633
1.73736e+09,1737360199625889651,0.124445,-0.0426685,0,-1.54633
1.73736e+09,1737360199725892820,0.124871,-0.0427297,0,-1.54808
1.73736e+09,1737360199825892969,0.124423,-0.0426488,0,-1.54673
1.73736e+09,1737360199925902440,0.124423,-0.0426488,0,-1.54673
1.73736e+09,1737360200025891754,0.124464,-0.0426772,0,-1.54652
1.73736e+09,1737360200125884610,0.123232,-0.0427122,0,-1.52904
1.73736e+09,1737360200225900175,0.123185,-0.0424383,0,-1.52964
1.73736e+09,1737360200325893968,0.12319,-0.0424702,0,-1.52958
1.73736e+09,1737360200425894011,0.123032,-0.0428338,0,-1.52945
1.73736e+09,1737360200525893482,0.123221,-0.0427276,0,-1.52895
1.73736e+09,1737360200625887275,0.123221,-0.0427276,0,-1.52895
1.73736e+09,1737360200725896693,0.124476,-0.0428835,0,-1.54652
1.73736e+09,1737360200825886528,0.123292,-0.0426209,0,-1.52841
1.73736e+09,1737360200925888759,0.123292,-0.0426209,0,-1.52841
1.73736e+09,1737360201025889219,0.124393,-0.0426508,0,-1.54652
1.73736e+09,1737360201125887647,0.124368,-0.0426915,0,-1.54691
1.73736e+09,1737360201225886700,0.123322,-0.0428921,0,-1.52971
1.73736e+09,1737360201325884191,0.123302,-0.0428522,0,-1.52957
1.73736e+09,1737360201425881682,0.124406,-0.0425242,0,-1.54627
1.73736e+09,1737360201525899746,0.123202,-0.0427541,0,-1.52938
1.73736e+09,1737360201625888851,0.123202,-0.0427541,0,-1.52938
1.73736e+09,1737360201725895144,0.123973,-0.0425048,0,-1.54587
1.73736e+09,1737360201825848414,0.123392,-0.0426966,0,-1.52937
1.73736e+09,1737360201925890177,0.123392,-0.0426966,0,-1.52937
1.73736e+09,1737360202025890480,0.123331,-0.0427158,0,-1.52878
1.73736e+09,1737360202125933961,0.124344,-0.042598,0,-1.54816
1.73736e+09,1737360202225885929,0.124301,-0.0427111,0,-1.54511
1.73736e+09,1737360202325896701,0.124317,-0.0427069,0,-1.54526
1.73736e+09,1737360202425880909,0.12439,-0.0426021,0,-1.54688
1.73736e+09,1737360202525886264,0.124564,-0.0426946,0,-1.54617
1.73736e+09,1737360202625895004,0.124564,-0.0426946,0,-1.54617
1.73736e+09,1737360202725913953,0.123269,-0.0426055,0,-1.52937
1.73736e+09,1737360202825889672,0.12437,-0.0427317,0,-1.54652
1.73736e+09,1737360202926022635,0.12437,-0.0427317,0,-1.54652
1.73736e+09,1737360203025889652,0.123144,-0.0427523,0,-1.52907
1.73736e+09,1737360203125888392,0.124564,-0.0426582,0,-1.54652
1.73736e+09,1737360203225887912,0.124381,-0.0426947,0,-1.54697
1.73736e+09,1737360203325894100,0.124399,-0.0426896,0,-1.54686
1.73736e+09,1737360203425888673,0.123263,-0.0427468,0,-1.52888
1.73736e+09,1737360203525880016,0.12317,-0.0427042,0,-1.52907
1.73736e+09,1737360203625892037,0.12317,-0.0427042,0,-1.52907
1.73736e+09,1737360203725899318,0.124818,-0.0426411,0,-1.54652
1.73736e+09,1737360203826070875,0.124249,-0.0425495,0,-1.54652
1.73736e+09,1737360203926096803,0.124249,-0.0425495,0,-1.54652
1.73736e+09,1737360204025894755,0.124458,-0.0426582,0,-1.54657
1.73736e+09,1737360204125882192,0.124614,-0.0427266,0,-1.5468
1.73736e+09,1737360204225881139,0.123166,-0.0426791,0,-1.52755
1.73736e+09,1737360204325964151,0.12318,-0.0426867,0,-1.52789
1.73736e+09,1737360204425898721,0.124482,-0.0426692,0,-1.54637
1.73736e+09,1737360204525903137,0.124439,-0.0426714,0,-1.54656
1.73736e+09,1737360204625936981,0.124439,-0.0426714,0,-1.54656
1.73736e+09,1737360204725846447,0.124448,-0.0428605,0,-1.54711
1.73736e+09,1737360204825887843,0.124454,-0.0426797,0,-1.54599
1.73736e+09,1737360204925890697,0.124454,-0.0426797,0,-1.54599
1.73736e+09,1737360205025886727,0.124399,-0.0426812,0,-1.54673
1.73736e+09,1737360205125885413,0.124745,-0.0426434,0,-1.54547
1.73736e+09,1737360205225915715,0.124306,-0.0425512,0,-1.54652
1.73736e+09,1737360205325923099,0.124344,-0.0425831,0,-1.54652
1.73736e+09,1737360205426006527,0.123749,-0.0426298,0,-1.53625
1.73736e+09,1737360205525905159,0.124067,-0.0427235,0,-1.54248
1.73736e+09,1737360205625885563,0.124067,-0.0427235,0,-1.54248
1.73736e+09,1737360205725885187,0.124405,-0.0426465,0,-1.54524
1.73736e+09,1737360205825904655,0.124638,-0.0426729,0,-1.54742
1.73736e+09,1737360205925882195,0.124638,-0.0426729,0,-1.54742
1.73736e+09,1737360206025901975,0.124472,-0.042652,0,-1.54678
1.73736e+09,1737360206125883473,0.124452,-0.0426769,0,-1.54646
1.73736e+09,1737360206225887575,0.124454,-0.0429297,0,-1.54684
1.73736e+09,1737360206325900584,0.124454,-0.042873,0,-1.54677
1.73736e+09,1737360206425894947,0.124655,-0.0425951,0,-1.54596
1.73736e+09,1737360206525890195,0.124422,-0.0426839,0,-1.54665
1.73736e+09,1737360206625884765,0.124422,-0.0426839,0,-1.54665
1.73736e+09,1737360206725889701,0.124786,-0.0425531,0,-1.54534
1.73736e+09,1737360206825901929,0.124196,-0.0427793,0,-1.5473
1.73736e+09,1737360206925881812,0.124196,-0.0427793,0,-1.5473
1.73736e+09,1737360207025883883,0.124462,-0.042659,0,-1.54644
1.73736e+09,1737360207125885693,0.12422,-0.0428306,0,-1.54707
1.73736e+09,1737360207225879117,0.123273,-0.0424826,0,-1.52825
1.73736e+09,1737360207325907647,0.123268,-0.0425121,0,-1.52836
1.73736e+09,1737360207425872633,0.124625,-0.0427204,0,-1.54723
1.73736e+09,1737360207525873922,0.124398,-0.0427098,0,-1.54652
1.73736e+09,1737360207625908129,0.124398,-0.0427098,0,-1.54652
1.73736e+09,1737360207725905564,0.124345,-0.0425229,0,-1.54686
1.73736e+09,1737360207825883415,0.124416,-0.0425998,0,-1.54605
1.73736e+09,1737360207925887152,0.124416,-0.0425998,0,-1.54605
1.73736e+09,1737360208025974277,0.124526,-0.0427284,0,-1.54639
1.73736e+09,1737360208125887386,0.124493,-0.042492,0,-1.5482
1.73736e+09,1737360208225886278,0.124519,-0.0427222,0,-1.54552
1.73736e+09,1737360208325874546,0.124511,-0.0427169,0,-1.54563
1.73736e+09,1737360208425895366,0.12448,-0.0426943,0,-1.54652
1.73736e+09,1737360208525883634,0.124449,-0.0426913,0,-1.54611
1.73736e+09,1737360208625892943,0.124449,-0.0426913,0,-1.54611
1.73736e+09,1737360208725891107,0.124149,-0.0426271,0,-1.54723
1.73736e+09,1737360208825886458,0.124516,-0.0426878,0,-1.54672
1.73736e+09,1737360208925886705,0.124516,-0.0426878,0,-1.54672
1.73736e+09,1737360209025888670,0.124461,-0.0426954,0,-1.54657
1.73736e+09,1737360209125888291,0.124412,-0.0426849,0,-1.54661
1.73736e+09,1737360209225883486,0.124319,-0.0424965,0,-1.54578
1.73736e+09,1737360209325888003,0.12434,-0.0425243,0,-1.5459
1.73736e+09,1737360209425960387,0.124891,-0.0427335,0,-1.54627
1.73736e+09,1737360209525886204,0.124487,-0.0426916,0,-1.54625
1.73736e+09,1737360209626334171,0.124487,-0.0426916,0,-1.54625
1.73736e+09,1737360209725886384,0.124358,-0.0426433,0,-1.54594
1.73736e+09,1737360209825890276,0.124413,-0.042735,0,-1.54731
1.73736e+09,1737360209925892241,0.124413,-0.042735,0,-1.54731
1.73736e+09,1737360210025889831,0.124408,-0.042686,0,-1.5461
1.73736e+09,1737360210125906327,0.124784,-0.0425633,0,-1.54652
1.73736e+09,1737360210225883552,0.124452,-0.0427518,0,-1.54717
1.73736e+09,1737360210325901819,0.124452,-0.0427392,0,-1.54707
1.73736e+09,1737360210425892689,0.124329,-0.0427039,0,-1.54711
1.73736e+09,1737360210525938353,0.124549,-0.0427045,0,-1.54642
1.73736e+09,1737360210625882868,0.124549,-0.0427045,0,-1.54642
1.73736e+09,1737360210725914156,0.123272,-0.0422342,0,-1.5294
1.73736e+09,1737360210825879714,0.123259,-0.0427187,0,-1.52907
1.73736e+09,1737360210925861834,0.123259,-0.0427187,0,-1.52907
1.73736e+09,1737360211025885309,0.123342,-0.0427283,0,-1.52895
1.73736e+09,1737360211125901336,0.122849,-0.0426478,0,-1.52941
1.73736e+09,1737360211225893300,0.123283,-0.0428877,0,-1.52907
1.73736e+09,1737360211325888649,0.123277,-0.0428673,0,-1.52907
1.73736e+09,1737360211425887592,0.123085,-0.0426568,0,-1.52921
1.73736e+09,1737360211525880858,0.124498,-0.0426796,0,-1.54649
1.73736e+09,1737360211625891520,0.124498,-0.0426796,0,-1.54649
1.73736e+09,1737360211725908953,0.124438,-0.0426524,0,-1.54652
1.73736e+09,1737360211825972482,0.123013,-0.0426606,0,-1.52989
1.73736e+09,1737360211925894860,0.123013,-0.0426606,0,-1.52989
1.73736e+09,1737360212025887969,0.124461,-0.0426692,0,-1.54652
1.73736e+09,1737360212125881339,0.124707,-0.0427829,0,-1.54694
1.73736e+09,1737360212225883875,0.124377,-0.0426574,0,-1.54586
1.73736e+09,1737360212325889432,0.124389,-0.0426602,0,-1.54597
1.73736e+09,1737360212425891343,0.123669,-0.0427242,0,-1.5362
1.73736e+09,1737360212525887786,0.124328,-0.04265,0,-1.54463
1.73736e+09,1737360212625860894,0.124328,-0.04265,0,-1.54463
1.73736e+09,1737360212725885879,0.124365,-0.0423991,0,-1.54568
1.73736e+09,1737360212825881592,0.124406,-0.042728,0,-1.54768
1.73736e+09,1737360212925926681,0.124406,-0.042728,0,-1.54768
1.73736e+09,1737360213025885414,0.124448,-0.0426163,0,-1.54621
1.73736e+09,1737360213125883991,0.123252,-0.0427153,0,-1.52969
1.73736e+09,1737360213225892777,0.124433,-0.0427078,0,-1.54652
1.73736e+09,1737360213325899688,0.124438,-0.0427005,0,-1.54652
1.73736e+09,1737360213425920193,0.12453,-0.0426372,0,-1.54708
1.73736e+09,1737360213525884915,0.124452,-0.0427004,0,-1.54652
1.73736e+09,1737360213625883492,0.124452,-0.0427004,0,-1.54652
1.73736e+09,1737360213725894882,0.123175,-0.0426679,0,-1.52907
1.73736e+09,1737360213825893043,0.123581,-0.04265,0,-1.52792
1.73736e+09,1737360213925883286,0.123581,-0.04265,0,-1.52792
1.73736e+09,1737360214025889207,0.12444,-0.0426534,0,-1.54702
1.73736e+09,1737360214125887992,0.124663,-0.0427015,0,-1.54554
1.73736e+09,1737360214225916518,0.124389,-0.0428486,0,-1.54652
1.73736e+09,1737360214325901292,0.124407,-0.0428004,0,-1.54652
1.73736e+09,1737360214425887160,0.124326,-0.0426756,0,-1.54652
1.73736e+09,1737360214525881674,0.124441,-0.0426271,0,-1.54652
1.73736e+09,1737360214625892959,0.124441,-0.0426271,0,-1.54652
1.73736e+09,1737360214725887057,0.124086,-0.0424884,0,-1.54587
1.73736e+09,1737360214825883550,0.124546,-0.0427322,0,-1.54675
1.73736e+09,1737360214925897023,0.124546,-0.0427322,0,-1.54675
1.73736e+09,1737360215025891172,0.12318,-0.0428199,0,-1.52919
1.73736e+09,1737360215125886675,0.123235,-0.0427175,0,-1.52909
1.73736e+09,1737360215225876709,0.124361,-0.042703,0,-1.54652
1.73736e+09,1737360215325887005,0.124374,-0.0426991,0,-1.54652
1.73736e+09,1737360215425884435,0.12305,-0.0427833,0,-1.52839
1.73736e+09,1737360215525886292,0.123231,-0.042715,0,-1.52924
1.73736e+09,1737360215625901223,0.123231,-0.042715,0,-1.52924
1.73736e+09,1737360215725907664,0.124436,-0.0426713,0,-1.54653
1.73736e+09,1737360215825889416,0.123441,-0.0427305,0,-1.52907
1.73736e+09,1737360215925884659,0.123441,-0.0427305,0,-1.52907
1.73736e+09,1737360216025894277,0.12453,-0.0426579,0,-1.5462
1.73736e+09,1737360216125889936,0.124336,-0.0426352,0,-1.54743
1.73736e+09,1737360216225926377,0.124523,-0.0426184,0,-1.54619
1.73736e+09,1737360216325905004,0.124514,-0.0426252,0,-1.54623
1.73736e+09,1737360216425885714,0.124524,-0.0426513,0,-1.54652
1.73736e+09,1737360216525888509,0.124427,-0.0426985,0,-1.54684
1.73736e+09,1737360216625895886,0.124427,-0.0426985,0,-1.54684
1.73736e+09,1737360216725890504,0.124833,-0.04269,0,-1.54652
1.73736e+09,1737360216825878350,0.124541,-0.0424764,0,-1.54652
1.73736e+09,1737360216925889269,0.124541,-0.0424764,0,-1.54652
1.73736e+09,1737360217025885865,0.124482,-0.0427166,0,-1.54627
1.73736e+09,1737360217125883867,0.124449,-0.0426703,0,-1.54655
1.73736e+09,1737360217225892130,0.122999,-0.042816,0,-1.5286
1.73736e+09,1737360217325888517,0.123033,-0.0428012,0,-1.52867
1.73736e+09,1737360217425913343,0.124492,-0.0427027,0,-1.54652
1.73736e+09,1737360217525889365,0.124393,-0.0426772,0,-1.54637
1.73736e+09,1737360217625891638,0.124393,-0.0426772,0,-1.54637
1.73736e+09,1737360217725891046,0.125091,-0.0427204,0,-1.54683
1.73736e+09,1737360217825885923,0.123018,-0.042867,0,-1.52907
1.73736e+09,1737360217925872102,0.123018,-0.042867,0,-1.52907
1.73736e+09,1737360218025887969,0.124312,-0.0426109,0,-1.54693
1.73736e+09,1737360218125883158,0.124643,-0.0426839,0,-1.5461
1.73736e+09,1737360218225888660,0.124438,-0.0426255,0,-1.54594
1.73736e+09,1737360218325897078,0.12444,-0.0426315,0,-1.54602
1.73736e+09,1737360218425880183,0.124491,-0.0426399,0,-1.54677
1.73736e+09,1737360218526001730,0.123235,-0.042711,0,-1.52901
1.73736e+09,1737360218625889884,0.123235,-0.042711,0,-1.52901
1.73736e+09,1737360218725942470,0.124516,-0.0427,0,-1.54652
1.73736e+09,1737360218826841591,0.124398,-0.0426753,0,-1.54652
1.73736e+09,1737360218925888420,0.124398,-0.0426753,0,-1.54652
1.73736e+09,1737360219026410498,0.123255,-0.0427245,0,-1.52913
1.73736e+09,1737360219125887964,0.124364,-0.0426012,0,-1.54571
1.73736e+09,1737360219225886485,0.124719,-0.0425517,0,-1.54652
1.73736e+09,1737360219325878392,0.124649,-0.0425838,0,-1.54652
1.73736e+09,1737360219425942958,0.124419,-0.0425981,0,-1.54663
1.73736e+09,1737360219525887103,0.124451,-0.0426725,0,-1.54641
1.73736e+09,1737360219625889531,0.124451,-0.0426725,0,-1.54641
1.73736e+09,1737360219725884823,0.124434,-0.0427885,0,-1.547
1.73736e+09,1737360219825881887,0.124386,-0.0426157,0,-1.54598
1.73736e+09,1737360219925884210,0.124386,-0.0426157,0,-1.54598
1.73736e+09,1737360220025894607,0.124483,-0.042667,0,-1.54661
1.73736e+09,1737360220125880472,0.124293,-0.0426772,0,-1.54583
1.73736e+09,1737360220225880972,0.100693,-0.0463162,0,-1.51588
1.73736e+09,1737360220325886681,0.1007,-0.0462538,0,-1.51582
1.73736e+09,1737360220425884004,0.100743,-0.0459506,0,-1.51526
1.73736e+09,1737360220525932527,0.10066,-0.0459713,0,-1.51578
1.73736e+09,1737360220625883182,0.10066,-0.0459713,0,-1.51578
1.73736e+09,1737360220725907277,0.100837,-0.0461244,0,-1.51484
1.73736e+09,1737360220825911423,0.100901,-0.0459491,0,-1.51651
1.73736e+09,1737360220925897704,0.100901,-0.0459491,0,-1.51651
1.73736e+09,1737360221025882058,0.100784,-0.0459619,0,-1.51507
1.73736e+09,1737360221125879537,0.100666,-0.0461439,0,-1.51633
1.73736e+09,1737360221225888839,0.100931,-0.0460068,0,-1.51412
1.73736e+09,1737360221325884390,0.100902,-0.046003,0,-1.51432
1.73736e+09,1737360221425884161,0.100634,-0.0459827,0,-1.51556
1.73736e+09,1737360221525881535,0.100738,-0.0459658,0,-1.51556
1.73736e+09,1737360221625889014,0.100738,-0.0459658,0,-1.51556
1.73736e+09,1737360221725888993,0.100694,-0.0459315,0,-1.51556
1.73736e+09,1737360221825892514,0.100721,-0.0459915,0,-1.51556
1.73736e+09,1737360221925901503,0.100721,-0.0459915,0,-1.51556
1.73736e+09,1737360222025893148,0.10072,-0.0459796,0,-1.51571
1.73736e+09,1737360222125889377,0.100714,-0.0460628,0,-1.51521
1.73736e+09,1737360222225890865,0.100498,-0.0457953,0,-1.51441
1.73736e+09,1737360222325914334,0.100532,-0.0458228,0,-1.51458
1.73736e+09,1737360222425889363,0.100971,-0.0459795,0,-1.51637
1.73736e+09,1737360222525884237,0.100646,-0.0459922,0,-1.51556
1.73736e+09,1737360222625885413,0.100646,-0.0459922,0,-1.51556
1.73736e+09,1737360222725891902,0.100812,-0.0458805,0,-1.51461
1.73736e+09,1737360222825886464,0.100856,-0.0460525,0,-1.51508
1.73736e+09,1737360222925896390,0.100856,-0.0460525,0,-1.51508
1.73736e+09,1737360223025889076,0.100717,-0.0459449,0,-1.51551
1.73736e+09,1737360223125887231,0.100692,-0.0459126,0,-1.51494
1.73736e+09,1737360223225887209,0.100506,-0.0460937,0,-1.51712
1.73736e+09,1737360223325888280,0.100529,-0.0460815,0,-1.51695
1.73736e+09,1737360223425893727,0.100651,-0.0460474,0,-1.51598
1.73736e+09,1737360223525887767,0.100811,-0.045937,0,-1.51519
1.73736e+09,1737360223625888682,0.100811,-0.045937,0,-1.51519
1.73736e+09,1737360223725890118,0.100506,-0.0461012,0,-1.51666
1.73736e+09,1737360223825895044,0.100678,-0.0459102,0,-1.51508
1.73736e+09,1737360223926017264,0.100678,-0.0459102,0,-1.51508
1.73736e+09,1737360224025883384,0.100689,-0.0459897,0,-1.51592
1.73736e+09,1737360224125888153,0.0996668,-0.0465336,0,-1.49639
1.73736e+09,1737360224225889328,0.0985526,-0.0440472,0,-1.47992
1.73736e+09,1737360224325895764,0.0977168,-0.0444732,0,-1.46896
1.73736e+09,1737360224425901001,0.0950954,-0.0442577,0,-1.4357
1.73736e+09,1737360224525899207,0.0955627,-0.00356125,0,-1.44213
1.73736e+09,1737360224625885226,0.0955627,-0.00356125,0,-1.44213
1.73736e+09,1737360224725886401,0.0928389,0.0080377,0,-1.38259
1.73736e+09,1737360224825886378,0.0891369,0.00677667,0,-1.35631
1.73736e+09,1737360224925921721,0.0823056,0.0126183,0,-1.23844
1.73736e+09,1737360225025897686,0.0839955,0.00568889,0,-1.28487
1.73736e+09,1737360225125883913,0.0812296,0.00539178,0,-1.20471
1.73736e+09,1737360225225943057,0.0770608,0.00143297,0,-1.12118
1.73736e+09,1737360225325887668,0.0765794,0.00126956,0,-1.13535
1.73736e+09,1737360225425899520,0.0731348,-0.00261502,0,-1.08991
1.73736e+09,1737360225525891892,0.122709,-0.00957817,0,-0.915794
1.73736e+09,1737360225625889785,0.122056,-0.00922979,0,-0.920088
1.73736e+09,1737360225725890803,0.117,-0.0154733,0,-0.842529
1.73736e+09,1737360225825884217,0.11053,-0.0173708,0,-0.797255
1.73736e+09,1737360225925889037,0.11053,-0.0173708,0,-0.797255
1.73736e+09,1737360226025899379,0.16677,-0.0278923,0,-0.676232
1.73736e+09,1737360226125895344,0.16308,-0.0324241,0,-0.566168
1.73736e+09,1737360226225887820,0.157295,-0.0346721,0,-0.496556
1.73736e+09,1737360226325906390,0.15101,-0.0310248,0,-0.528856
1.73736e+09,1737360226425888136,0.196536,-0.0336102,0,-0.476249
1.73736e+09,1737360226525888164,0.191545,-0.0377957,0,-0.408501
1.73736e+09,1737360226625895068,0.191545,-0.0377957,0,-0.408501
1.73736e+09,1737360226725901242,0.199708,-0.0468803,0,-0.25638
1.73736e+09,1737360226825885957,0.194059,-0.0480678,0,-0.235465
1.73736e+09,1737360226925888745,0.194059,-0.0480678,0,-0.235465
1.73736e+09,1737360227026422070,0.237983,-0.0517965,0,-0.195885
1.73736e+09,1737360227125884217,0.252555,-0.0594686,0,-0.0478491
1.73736e+09,1737360227225882109,0.249484,-0.0624615,0,0.0205224
1.73736e+09,1737360227325891043,0.267555,-0.0648173,0,0.0248868
1.73736e+09,1737360227425886331,0.288746,-0.070754,0,0.0899629
1.73736e+09,1737360227525890160,0.331585,-0.0719835,0,0.0946295
1.73736e+09,1737360227625895448,0.331585,-0.0719835,0,0.0946295
1.73736e+09,1737360227726036782,0.354329,-0.0712262,0,0.115694
1.73736e+09,1737360227825896701,0.343624,-0.0732175,0,0.132024
1.73736e+09,1737360227925886781,0.343624,-0.0732175,0,0.132024
1.73736e+09,1737360228025940820,0.381702,-0.0730913,0,0.109913
1.73736e+09,1737360228125892981,0.407345,-0.0706939,0,0.0976491
1.73736e+09,1737360228225884674,0.45875,-0.0692327,0,0.0582613
1.73736e+09,1737360228325936734,0.450502,-0.0697952,0,0.0632037
1.73736e+09,1737360228425894312,0.443992,-0.0686975,0,0.0490803
1.73736e+09,1737360228525898870,0.536879,-0.0658466,0,-0.00266969
1.73736e+09,1737360228625930512,0.534474,-0.0659244,0,-0.00084798
1.73736e+09,1737360228725891319,0.506085,-0.0663298,0,-0.0152678
1.73736e+09,1737360228825884210,0.54789,-0.065035,0,-0.0275937
1.73736e+09,1737360228925891477,0.54789,-0.065035,0,-0.0275937
1.73736e+09,1737360229025899004,0.589054,-0.0638117,0,-0.0367949
1.73736e+09,1737360229125933875,0.608675,-0.0626579,0,-0.0963021
1.73736e+09,1737360229225883588,0.658431,-0.0600465,0,-0.150764
1.73736e+09,1737360229325900958,0.649481,-0.0589631,0,-0.138905
1.73736e+09,1737360229425898328,0.646634,-0.0580557,0,-0.153441
1.73736e+09,1737360229525894865,0.688227,-0.0530908,0,-0.192518
1.73736e+09,1737360229625889058,0.688227,-0.0530908,0,-0.192518
1.73736e+09,1737360229725893303,0.705684,-0.0540023,0,-0.247916
1.73736e+09,1737360229825889266,0.750917,-0.102014,0,-0.279407
1.73736e+09,1737360229925891793,0.750917,-0.102014,0,-0.279407
1.73736e+09,1737360230025889736,0.738919,-0.0960581,0,-0.29598
1.73736e+09,1737360230125892730,0.810403,-0.0999502,0,-0.367137
1.73736e+09,1737360230225885047,0.812967,-0.10073,0,-0.404304
1.73736e+09,1737360230325940908,0.805861,-0.0977033,0,-0.392493
1.73736e+09,1737360230425899214,0.850658,-0.0922341,0,-0.426034
1.73736e+09,1737360230525881635,0.842399,-0.138423,0,-0.41662
1.73736e+09,1737360230625891192,0.842399,-0.138423,0,-0.41662
1.73736e+09,1737360230725887937,0.921648,-0.147454,0,-0.416497
1.73736e+09,1737360230825887858,0.956151,-0.143891,0,-0.42265
1.73736e+09,1737360230925889707,0.956151,-0.143891,0,-0.42265
1.73736e+09,1737360231025890253,0.986705,-0.179794,0,-0.433849
1.73736e+09,1737360231125885435,1.01454,-0.198072,0,-0.435622
1.73736e+09,1737360231225901189,1.01665,-0.199266,0,-0.411182
1.73736e+09,1737360231325906163,1.02627,-0.195964,0,-0.412543
1.73736e+09,1737360231425886291,1.05097,-0.192242,0,-0.411622
1.73736e+09,1737360231525885744,1.114,-0.250209,0,-0.390915
1.73736e+09,1737360231625888269,1.11354,-0.249985,0,-0.391063
1.73736e+09,1737360231725890325,1.10737,-0.24779,0,-0.349758
1.73736e+09,1737360231825887538,1.16393,-0.251206,0,-0.288566
1.73736e+09,1737360231925886001,1.16393,-0.251206,0,-0.288566
1.73736e+09,1737360232025897693,1.16393,-0.251206,0,-0.288566
1.73736e+09,1737360232125888394,1.22526,-0.258892,0,-0.153995
1.73736e+09,1737360232225887273,1.20729,-0.25828,0,-0.147376
1.73736e+09,1737360232325892871,1.20199,-0.256784,0,-0.157494
1.73736e+09,1737360232425926802,1.24398,-0.25801,0,-0.118126
1.73736e+09,1737360232525891670,1.23797,-0.257818,0,-0.11512
1.73736e+09,1737360232625889507,1.23797,-0.257818,0,-0.11512
1.73736e+09,1737360232725958179,1.25083,-0.261578,0,-0.0708217
1.73736e+09,1737360232825880493,1.29665,-0.259737,0,-0.106369
1.73736e+09,1737360232925929373,1.29665,-0.259737,0,-0.106369
1.73736e+09,1737360233025925596,1.29061,-0.257988,0,-0.123684
1.73736e+09,1737360233125889681,1.35732,-0.259777,0,-0.163667
1.73736e+09,1737360233226047418,1.35744,-0.30815,0,-0.19963
1.73736e+09,1737360233325904313,1.35161,-0.306957,0,-0.192195
1.73736e+09,1737360233425972099,1.39594,-0.303795,0,-0.222518
1.73736e+09,1737360233525890298,1.40882,-0.305674,0,-0.329755
1.73736e+09,1737360233625887093,1.40878,-0.305656,0,-0.329656
1.73736e+09,1737360233725887117,1.45627,-0.301255,0,-0.374804
1.73736e+09,1737360233825885110,1.45104,-0.344419,0,-0.408705
1.73736e+09,1737360233925893676,1.45104,-0.344419,0,-0.408705
1.73736e+09,1737360234025903075,1.44437,-0.336814,0,-0.462034
1.73736e+09,1737360234125858149,1.50747,-0.338405,0,-0.615224
1.73736e+09,1737360234225884059,1.50984,-0.337605,0,-0.665105
1.73736e+09,1737360234325891426,1.50785,-0.348227,0,-0.678292
1.73736e+09,1737360234425893064,1.50809,-0.373824,0,-0.767214
1.73736e+09,1737360234525986476,1.50443,-0.36776,0,-0.766553
1.73736e+09,1737360234625888319,1.50443,-0.36776,0,-0.766553
1.73736e+09,1737360234725892874,1.56823,-0.389668,0,-0.879253
1.73736e+09,1737360234825892064,1.56779,-0.416785,0,-0.955627
1.73736e+09,1737360234925904119,1.56779,-0.416785,0,-0.955627
1.73736e+09,1737360235025889923,1.56792,-0.411963,0,-0.983838
1.73736e+09,1737360235125885571,1.58035,-0.473508,0,-1.0209
1.73736e+09,1737360235225884605,1.63119,-0.476575,0,-1.03162
1.73736e+09,1737360235325889524,1.6272,-0.470813,0,-1.02525
1.73736e+09,1737360235425890224,1.62457,-0.511947,0,-1.06657
1.73736e+09,1737360235525885559,1.63434,-0.529877,0,-1.06123
1.73736e+09,1737360235625890270,1.63393,-0.529192,0,-1.06076
1.73736e+09,1737360235725899095,1.64635,-0.597965,0,-1.09681
1.73736e+09,1737360235825890107,1.67886,-0.568465,0,-1.06625
1.73736e+09,1737360235925896745,1.67886,-0.568465,0,-1.06625
1.73736e+09,1737360236025896924,1.6742,-0.608434,0,-1.07882
1.73736e+09,1737360236125900957,1.68416,-0.62736,0,-1.03713
1.73736e+09,1737360236225898427,1.73505,-0.677982,0,-1.07311
1.73736e+09,1737360236325923815,1.73159,-0.67186,0,-1.07468
1.73736e+09,1737360236425889982,1.72337,-0.661729,0,-1.04272
1.73736e+09,1737360236525892661,1.77167,-0.708809,0,-1.04352
1.73736e+09,1737360236625896538,1.77167,-0.708809,0,-1.04352
1.73736e+09,1737360236725893227,1.78179,-0.726402,0,-1.01537
1.73736e+09,1737360236825894083,1.7734,-0.76506,0,-1.02077
1.73736e+09,1737360236925889001,1.7734,-0.76506,0,-1.02077
1.73736e+09,1737360237025887877,1.7691,-0.757243,0,-1.02589
1.73736e+09,1737360237126001392,1.77062,-0.762969,0,-1.00764
1.73736e+09,1737360237225890629,1.76854,-0.758359,0,-1.01197
1.73736e+09,1737360237325936538,1.76814,-0.75778,0,-1.01112
1.73736e+09,1737360237425892756,1.76731,-0.756464,0,-1.01018
1.73736e+09,1737360237525889914,1.76732,-0.756641,0,-1.00941
1.73736e+09,1737360237625901863,1.76732,-0.756641,0,-1.00941
1.73736e+09,1737360237725894489,1.76735,-0.756555,0,-1.00984
1.73736e+09,1737360237825887271,1.76719,-0.756788,0,-1.00941
1.73736e+09,1737360237925890209,1.76719,-0.756788,0,-1.00941
1.73736e+09,1737360238025897106,1.76732,-0.756492,0,-1.00907
1.73736e+09,1737360238125886971,1.7672,-0.756679,0,-1.00888
1.73736e+09,1737360238225883919,1.76736,-0.756528,0,-1.00888
1.73736e+09,1737360238325921338,1.76735,-0.756567,0,-1.00911
1.73736e+09,1737360238425877503,1.76729,-0.756623,0,-1.00941
1.73736e+09,1737360238525885910,1.7664,-0.757237,0,-0.992763
1.73736e+09,1737360238625893276,1.7664,-0.757237,0,-0.992763
1.73736e+09,1737360238725890797,1.76734,-0.756466,0,-1.00995
1.73736e+09,1737360238825886703,1.76734,-0.756675,0,-1.00869
1.73736e+09,1737360238925888704,1.76734,-0.756675,0,-1.00869
1.73736e+09,1737360239025890808,1.76732,-0.756579,0,-1.00928
1.73736e+09,1737360239125897183,1.76725,-0.757131,0,-1.00941
1.73736e+09,1737360239225887048,1.76725,-0.757131,0,-1.00941
1.73736e+09,1737360239325888943,1.76725,-0.757131,0,-1.00941
1.73736e+09,1737360239425891777,1.76736,-0.756582,0,-1.00991
1.73736e+09,1737360239525903985,1.76731,-0.756512,0,-1.00823
1.73736e+09,1737360239625889995,1.76731,-0.756518,0,-1.0083
1.73736e+09,1737360239725891318,1.76735,-0.756922,0,-1.00998
1.73736e+09,1737360239825888266,1.76732,-0.756567,0,-1.00941
1.73736e+09,1737360239925893755,1.76732,-0.756567,0,-1.00941
1.73736e+09,1737360240025892109,1.76728,-0.756576,0,-1.0093
1.73736e+09,1737360240125893588,1.76746,-0.756631,0,-1.0089
1.73736e+09,1737360240225884753,1.76736,-0.75678,0,-1.00896
1.73736e+09,1737360240325888888,1.76735,-0.756738,0,-1.00908
1.73736e+09,1737360240425884273,1.76723,-0.756641,0,-1.00889
1.73736e+09,1737360240525879970,1.76732,-0.756605,0,-1.00953
1.73736e+09,1737360240625955826,1.76732,-0.756605,0,-1.00953
1.73736e+09,1737360240725884333,1.76737,-0.756962,0,-1.00941
1.73736e+09,1737360240825887843,1.76724,-0.75654,0,-1.00914
1.73736e+09,1737360240925892499,1.76724,-0.75654,0,-1.00914
1.73736e+09,1737360241025893248,1.76734,-0.756591,0,-1.00949
1.73736e+09,1737360241125889882,1.76623,-0.757509,0,-0.991297
1.73736e+09,1737360241225886985,1.76758,-0.756561,0,-1.011
1.73736e+09,1737360241325905599,1.7675,-0.756577,0,-1.01054
1.73736e+09,1737360241425963068,1.76727,-0.756614,0,-1.00926
1.73736e+09,1737360241525900429,1.76733,-0.756623,0,-1.00942
1.73736e+09,1737360241625886334,1.76733,-0.756623,0,-1.00942
1.73736e+09,1737360241725889843,1.76734,-0.756645,0,-1.00941
1.73736e+09,1737360241825882987,1.76728,-0.756649,0,-1.00941
1.73736e+09,1737360241925887851,1.76728,-0.756649,0,-1.00941
1.73736e+09,1737360242025902662,1.76731,-0.756611,0,-1.00919
1.73736e+09,1737360242125890806,1.7676,-0.756682,0,-1.01091
1.73736e+09,1737360242225889888,1.76708,-0.755957,0,-1.00909
1.73736e+09,1737360242325913188,1.76714,-0.7561,0,-1.00916
1.73736e+09,1737360242425964459,1.7673,-0.756751,0,-1.00941
1.73736e+09,1737360242525884840,1.76732,-0.756636,0,-1.00959
1.73736e+09,1737360242625845379,1.76732,-0.756636,0,-1.00959
1.73736e+09,1737360242725951182,1.76718,-0.756566,0,-1.00859
1.73736e+09,1737360242825895106,1.76738,-0.756584,0,-1.00969
1.73736e+09,1737360242925922938,1.76738,-0.756584,0,-1.00969
1.73736e+09,1737360243025888477,1.76735,-0.756694,0,-1.00955
1.73736e+09,1737360243125898860,1.76714,-0.756604,0,-1.00785
1.73736e+09,1737360243225900806,1.76731,-0.756605,0,-1.00941
1.73736e+09,1737360243325897439,1.76732,-0.75661,0,-1.00941
1.73736e+09,1737360243425887092,1.76732,-0.756744,0,-1.00941
1.73736e+09,1737360243525885861,1.76729,-0.756329,0,-1.00941
1.73736e+09,1737360243625892494,1.76729,-0.75635,0,-1.00941
1.73736e+09,1737360243725900481,1.76735,-0.756645,0,-1.01016
1.73736e+09,1737360243825888051,1.76739,-0.756467,0,-1.0098
1.73736e+09,1737360243925942030,1.76739,-0.756467,0,-1.0098
1.73736e+09,1737360244026041634,1.76731,-0.756642,0,-1.00941
1.73736e+09,1737360244125897533,1.76725,-0.756647,0,-1.00915
1.73736e+09,1737360244225892603,1.76731,-0.756485,0,-1.00972
1.73736e+09,1737360244325901319,1.76732,-0.756534,0,-1.00961
1.73736e+09,1737360244425889097,1.76734,-0.75655,0,-1.00941
1.73736e+09,1737360244525887605,1.76733,-0.756626,0,-1.00945
1.73736e+09,1737360244626327739,1.76733,-0.756626,0,-1.00945
1.73736e+09,1737360244726015197,1.76632,-0.757262,0,-0.991958
1.73736e+09,1737360244825892555,1.76736,-0.756619,0,-1.00941
1.73736e+09,1737360244925886843,1.76736,-0.756619,0,-1.00941
1.73736e+09,1737360245025889413,1.7663,-0.757286,0,-0.991958
1.73736e+09,1737360245125884014,1.7674,-0.756768,0,-1.00994
1.73736e+09,1737360245225885438,1.76747,-0.756776,0,-1.00941
1.73736e+09,1737360245325963686,1.76743,-0.756733,0,-1.00941
1.73736e+09,1737360245425892191,1.76732,-0.75653,0,-1.00927
1.73736e+09,1737360245525891011,1.76707,-0.756731,0,-1.00817
1.73736e+09,1737360245625902383,1.76707,-0.756731,0,-1.00817
1.73736e+09,1737360245725887608,1.76732,-0.756613,0,-1.00977
1.73736e+09,1737360245825888042,1.76747,-0.756622,0,-1.00993
1.73736e+09,1737360245925887278,1.76747,-0.756622,0,-1.00993
1.73736e+09,1737360246025902296,1.76699,-0.756576,0,-1.00876
1.73736e+09,1737360246125891323,1.76733,-0.756731,0,-1.00941
1.73736e+09,1737360246225900611,1.76733,-0.756557,0,-1.00864
1.73736e+09,1737360246325896982,1.76733,-0.756575,0,-1.00887
1.73736e+09,1737360246425896009,1.76732,-0.756568,0,-1.00963
1.73736e+09,1737360246525891546,1.76732,-0.756606,0,-1.00941
1.73736e+09,1737360246625934012,1.76732,-0.756606,0,-1.00941
1.73736e+09,1737360246725900695,1.76739,-0.756659,0,-1.01042
1.73736e+09,1737360246825944098,1.76731,-0.756609,0,-1.00894
1.73736e+09,1737360246925896822,1.76731,-0.756609,0,-1.00894
1.73736e+09,1737360247025890484,1.76732,-0.75662,0,-1.00938
1.73736e+09,1737360247125892688,1.7674,-0.756654,0,-1.00895
1.73736e+09,1737360247225888746,1.76734,-0.75642,0,-1.01073
1.73736e+09,1737360247325901002,1.76733,-0.756465,0,-1.01043
1.73736e+09,1737360247425891279,1.76731,-0.756624,0,-1.00919
1.73736e+09,1737360247525880930,1.76642,-0.757202,0,-0.992634
1.73736e+09,1737360247625894436,1.76641,-0.757208,0,-0.992586
1.73736e+09,1737360247725891223,1.76722,-0.756773,0,-1.00941
1.73736e+09,1737360247825895615,1.76728,-0.756661,0,-1.0088
1.73736e+09,1737360247925884172,1.76728,-0.756661,0,-1.0088
1.73736e+09,1737360248025905960,1.76743,-0.756715,0,-1.01071
1.73736e+09,1737360248125895610,1.76721,-0.75635,0,-1.01008
1.73736e+09,1737360248225881511,1.7675,-0.756894,0,-1.00941
1.73736e+09,1737360248325891527,1.76746,-0.756842,0,-1.00941
1.73736e+09,1737360248425888470,1.76731,-0.756582,0,-1.00901
1.73736e+09,1737360248525892808,1.76733,-0.756617,0,-1.00941
1.73736e+09,1737360248625900168,1.76733,-0.756617,0,-1.00941
1.73736e+09,1737360248725895757,1.76724,-0.756649,0,-1.00941
1.73736e+09,1737360248825883897,1.76725,-0.756705,0,-1.00967
1.73736e+09,1737360248925883079,1.76725,-0.756705,0,-1.00967
1.73736e+09,1737360249025893460,1.76733,-0.756619,0,-1.00951
1.73736e+09,1737360249125893892,1.76727,-0.756423,0,-1.00858
1.73736e+09,1737360249225895261,1.76727,-0.756423,0,-1.00858
1.73736e+09,1737360249325890380,1.76727,-0.756659,0,-1.00903
1.73736e+09,1737360249425895969,1.76735,-0.756625,0,-1.00968
1.73736e+09,1737360249525889682,1.76733,-0.756601,0,-1.00941
1.73736e+09,1737360249625890322,1.76733,-0.756601,0,-1.00941
1.73736e+09,1737360249725888045,1.76746,-0.756821,0,-1.01013
1.73736e+09,1737360249825891550,1.76731,-0.756537,0,-1.00927
1.73736e+09,1737360249925893545,1.76731,-0.756537,0,-1.00927
1.73736e+09,1737360250025954759,1.7662,-0.757387,0,-0.990986
1.73736e+09,1737360250125886803,1.7662,-0.757387,0,-0.990986
1.73736e+09,1737360250225920673,1.76743,-0.756499,0,-1.01065
1.73736e+09,1737360250325897250,1.7674,-0.756536,0,-1.01027
1.73736e+09,1737360250425886118,1.76719,-0.756873,0,-1.00825
1.73736e+09,1737360250526092128,1.76726,-0.756496,0,-1.00941
1.73736e+09,1737360250625888074,1.76726,-0.7565,0,-1.00941
1.73736e+09,1737360250725883766,1.76741,-0.756725,0,-1.00986
1.73736e+09,1737360250825887479,1.76721,-0.756409,0,-1.00953
1.73736e+09,1737360250925840669,1.76721,-0.756409,0,-1.00953
1.73736e+09,1737360251025890685,1.76761,-0.756609,0,-1.01068
1.73736e+09,1737360251125887730,1.76722,-0.756629,0,-1.00766
1.73736e+09,1737360251225849722,1.76731,-0.756552,0,-1.00887
1.73736e+09,1737360251325907030,1.76732,-0.756577,0,-1.00908
1.73736e+09,1737360251425888866,1.76734,-0.756629,0,-1.00962
1.73736e+09,1737360251525882891,1.76733,-0.756638,0,-1.00941
1.73736e+09,1737360251625899416,1.76733,-0.756638,0,-1.00941
1.73736e+09,1737360251725895002,1.76718,-0.756629,0,-1.00897
1.73736e+09,1737360251825877724,1.76731,-0.756374,0,-1.00917
1.73736e+09,1737360251925895187,1.76731,-0.756374,0,-1.00917
1.73736e+09,1737360252025890721,1.76733,-0.75662,0,-1.00942
1.73736e+09,1737360252125888235,1.76735,-0.756658,0,-1.00985
1.73736e+09,1737360252225886477,1.76727,-0.756293,0,-1.00842
1.73736e+09,1737360252325892377,1.7673,-0.756453,0,-1.00891
1.73736e+09,1737360252425901974,1.76625,-0.757376,0,-0.991639
1.73736e+09,1737360252525899227,1.76733,-0.756623,0,-1.00943
1.73736e+09,1737360252625898511,1.76733,-0.756623,0,-1.00943
1.73736e+09,1737360252725962797,1.7674,-0.756611,0,-1.00941
1.73736e+09,1737360252825884006,1.76732,-0.756621,0,-1.00941
1.73736e+09,1737360252925905948,1.76732,-0.756621,0,-1.00941
1.73736e+09,1737360253026006485,1.76636,-0.757214,0,-0.993007
1.73736e+09,1737360253125887015,1.76733,-0.756688,0,-1.00951
1.73736e+09,1737360253225892757,1.76735,-0.756442,0,-1.00897
1.73736e+09,1737360253325882562,1.76735,-0.756496,0,-1.00911
1.73736e+09,1737360253425889085,1.76743,-0.756719,0,-1.00916
1.73736e+09,1737360253525930297,1.76732,-0.756624,0,-1.0094
1.73736e+09,1737360253625891403,1.76732,-0.756624,0,-1.0094
1.73736e+09,1737360253725886572,1.76741,-0.756612,0,-1.00941
1.73736e+09,1737360253825894397,1.76616,-0.757354,0,-0.991766
1.73736e+09,1737360253925899150,1.76616,-0.757354,0,-0.991766
1.73736e+09,1737360254025886610,1.76616,-0.757354,0,-0.991766
1.73736e+09,1737360254125887404,1.76635,-0.757415,0,-0.992487
1.73736e+09,1737360254225888302,1.76724,-0.75648,0,-1.00941
1.73736e+09,1737360254325895815,1.76726,-0.756516,0,-1.00941
1.73736e+09,1737360254425894681,1.76731,-0.756628,0,-1.00963
1.73736e+09,1737360254525914226,1.76733,-0.756604,0,-1.00941
1.73736e+09,1737360254625902311,1.76733,-0.756604,0,-1.00941
1.73736e+09,1737360254725907532,1.76728,-0.75662,0,-1.00956
1.73736e+09,1737360254825886398,1.76728,-0.756592,0,-1.00941
1.73736e+09,1737360254925887608,1.76728,-0.756592,0,-1.00941
1.73736e+09,1737360255025890798,1.7663,-0.757285,0,-0.991958
1.73736e+09,1737360255125923623,1.76739,-0.756514,0,-1.01027
1.73736e+09,1737360255225892332,1.76738,-0.756069,0,-1.00941
1.73736e+09,1737360255325892135,1.76736,-0.756293,0,-1.00941
1.73736e+09,1737360255425886835,1.76731,-0.756753,0,-1.00891
1.73736e+09,1737360255525894034,1.76622,-0.757469,0,-0.99148
1.73736e+09,1737360255625887119,1.76622,-0.757454,0,-0.991518
1.73736e+09,1737360255725909840,1.76747,-0.756368,0,-1.01065
1.73736e+09,1737360255825870736,1.76622,-0.757202,0,-0.991588
1.73736e+09,1737360255925902103,1.76622,-0.757202,0,-0.991588
1.73736e+09,1737360256025895292,1.76657,-0.757461,0,-0.996079
1.73736e+09,1737360256125896240,1.76704,-0.755884,0,-1.00833
1.73736e+09,1737360256225893491,1.76742,-0.756807,0,-1.00941
1.73736e+09,1737360256325893815,1.76738,-0.756725,0,-1.00941
1.73736e+09,1737360256426494260,1.76631,-0.757279,0,-0.992126
1.73736e+09,1737360256525884931,1.76736,-0.756537,0,-1.00893
1.73736e+09,1737360256625913277,1.76736,-0.756538,0,-1.00893
1.73736e+09,1737360256726536691,1.76734,-0.756482,0,-1.00913
1.73736e+09,1737360256827835489,1.76741,-0.756744,0,-1.00941
1.73736e+09,1737360256925959718,1.76741,-0.756744,0,-1.00941
1.73736e+09,1737360257025890821,1.76728,-0.756534,0,-1.01053
1.73736e+09,1737360257125901874,1.76732,-0.756604,0,-1.00913
1.73736e+09,1737360257225895114,1.76732,-0.756604,0,-1.00913
1.73736e+09,1737360257326104609,1.76733,-0.756616,0,-1.00944
1.73736e+09,1737360257425889458,1.76723,-0.756526,0,-1.00859
1.73736e+09,1737360257525895354,1.7674,-0.75711,0,-1.01038
1.73736e+09,1737360257625889636,1.7674,-0.7571,0,-1.01036
1.73736e+09,1737360257725933762,1.7674,-0.756576,0,-1.00964
1.73736e+09,1737360257825945128,1.76723,-0.756596,0,-1.00941
1.73736e+09,1737360257925888782,1.76723,-0.756596,0,-1.00941
1.73736e+09,1737360258025898898,1.76733,-0.756609,0,-1.00938
1.73736e+09,1737360258125885470,1.76737,-0.756762,0,-1.01036
1.73736e+09,1737360258225923554,1.76737,-0.756762,0,-1.01036
1.73736e+09,1737360258325890387,1.76735,-0.756635,0,-1.00941
1.73736e+09,1737360258425894095,1.76731,-0.756552,0,-1.00928
1.73736e+09,1737360258525890980,1.76728,-0.756652,0,-1.01012
1.73736e+09,1737360258625889845,1.7673,-0.75664,0,-1.00987
1.73736e+09,1737360258725887876,1.76751,-0.756606,0,-1.01007
1.73736e+09,1737360258825895490,1.76732,-0.756595,0,-1.00949
1.73736e+09,1737360258925895553,1.76732,-0.756595,0,-1.00949
1.73736e+09,1737360259025895042,1.76635,-0.75735,0,-0.991958
1.73736e+09,1737360259125889895,1.76714,-0.756229,0,-1.00838
1.73736e+09,1737360259225889957,1.76736,-0.756506,0,-1.00971
1.73736e+09,1737360259325890279,1.76735,-0.756559,0,-1.00957
1.73736e+09,1737360259425891643,1.76734,-0.756612,0,-1.00951
1.73736e+09,1737360259525891236,1.7673,-0.756583,0,-1.00941
1.73736e+09,1737360259625893850,1.7673,-0.756583,0,-1.00941
1.73736e+09,1737360259725890839,1.76715,-0.756784,0,-1.00858
1.73736e+09,1737360259825930746,1.76737,-0.756645,0,-1.00992
1.73736e+09,1737360259925892369,1.76737,-0.756645,0,-1.00992
1.73736e+09,1737360260025893681,1.76734,-0.756611,0,-1.0095
1.73736e+09,1737360260125891867,1.76729,-0.756724,0,-1.00883
1.73736e+09,1737360260225891043,1.76742,-0.756662,0,-1.00897
1.73736e+09,1737360260325889646,1.76739,-0.756646,0,-1.00913
1.73736e+09,1737360260425897780,1.76729,-0.756344,0,-1.00977
1.73736e+09,1737360260525897789,1.76648,-0.757339,0,-0.992551
1.73736e+09,1737360260625886079,1.76651,-0.757315,0,-0.993118
1.73736e+09,1737360260725893016,1.7672,-0.756387,0,-1.00997
1.73736e+09,1737360260825893389,1.76736,-0.756628,0,-1.00921
1.73736e+09,1737360260925887305,1.76736,-0.756628,0,-1.00921
1.73736e+09,1737360261025893876,1.76735,-0.756646,0,-1.00947
1.73736e+09,1737360261125897114,1.76729,-0.756814,0,-1.00899
1.73736e+09,1737360261225894206,1.76734,-0.756335,0,-1.00941
1.73736e+09,1737360261325885204,1.76695,-0.756666,0,-1.00283
1.73736e+09,1737360261425894067,1.76707,-0.756766,0,-1.005
1.73736e+09,1737360261525935536,1.76734,-0.756623,0,-1.00941
1.73736e+09,1737360261625884657,1.76734,-0.756623,0,-1.00941
1.73736e+09,1737360261725911854,1.76726,-0.756669,0,-1.00895
1.73736e+09,1737360261825893946,1.76734,-0.756654,0,-1.00961
1.73736e+09,1737360261925890725,1.76734,-0.756654,0,-1.00961
1.73736e+09,1737360262025888650,1.76748,-0.756579,0,-1.01032
1.73736e+09,1737360262125887617,1.76721,-0.756571,0,-1.00913
1.73736e+09,1737360262225889240,1.76733,-0.756702,0,-1.00941
1.73736e+09,1737360262325947791,1.76733,-0.756662,0,-1.00941
1.73736e+09,1737360262425890923,1.76733,-0.756611,0,-1.00941
1.73736e+09,1737360262525883430,1.76733,-0.756626,0,-1.00944
1.73736e+09,1737360262625901408,1.76733,-0.756626,0,-1.00944
1.73736e+09,1737360262725891572,1.76724,-0.756601,0,-1.00914
1.73736e+09,1737360262825886007,1.76724,-0.756631,0,-1.00919
1.73736e+09,1737360262925892161,1.76724,-0.756631,0,-1.00919
1.73736e+09,1737360263025886127,1.76747,-0.756661,0,-1.01032
1.73736e+09,1737360263125888895,1.76734,-0.756582,0,-1.00941
1.73736e+09,1737360263225896351,1.76734,-0.756582,0,-1.00941
1.73736e+09,1737360263325891931,1.76736,-0.756591,0,-1.00969
1.73736e+09,1737360263425889908,1.76728,-0.756639,0,-1.00896
1.73736e+09,1737360263525917520,1.7674,-0.756846,0,-1.00941
1.73736e+09,1737360263625888933,1.7674,-0.756838,0,-1.00941
1.73736e+09,1737360263725946078,1.7673,-0.756595,0,-1.01033
1.73736e+09,1737360263825896500,1.76733,-0.756622,0,-1.00941
1.73736e+09,1737360263925952968,1.76733,-0.756622,0,-1.00941
1.73736e+09,1737360264025896359,1.76732,-0.756643,0,-1.00941
1.73736e+09,1737360264125889283,1.7674,-0.756662,0,-1.00981
1.73736e+09,1737360264225890852,1.7673,-0.756438,0,-1.00941
1.73736e+09,1737360264325892422,1.76732,-0.756558,0,-1.00941
1.73736e+09,1737360264425893262,1.76731,-0.75666,0,-1.00941
1.73736e+09,1737360264525901551,1.76732,-0.75645,0,-1.00787
1.73736e+09,1737360264625899996,1.76732,-0.75645,0,-1.00787
1.73736e+09,1737360264725894378,1.76748,-0.756496,0,-1.01034
1.73736e+09,1737360264825898135,1.7673,-0.756683,0,-1.00886
1.73736e+09,1737360264925917101,1.7673,-0.756683,0,-1.00886
1.73736e+09,1737360265025901951,1.76733,-0.756626,0,-1.00949
1.73736e+09,1737360265125909458,1.7676,-0.756382,0,-1.01057
1.73736e+09,1737360265225895610,1.7661,-0.757899,0,-0.990652
1.73736e+09,1737360265325898950,1.76623,-0.757482,0,-0.991529
1.73736e+09,1737360265425851819,1.76703,-0.75671,0,-1.0037
1.73736e+09,1737360265525887035,1.76743,-0.756691,0,-1.00976
1.73736e+09,1737360265626005222,1.76742,-0.75669,0,-1.00975
1.73736e+09,1737360265725899965,1.76742,-0.756639,0,-1.01084
1.73736e+09,1737360265825888826,1.7673,-0.756639,0,-1.00858
1.73736e+09,1737360265925892739,1.7673,-0.756639,0,-1.00858
1.73736e+09,1737360266025919881,1.76756,-0.756773,0,-1.01079
1.73736e+09,1737360266125898272,1.76724,-0.75625,0,-1.00871
1.73736e+09,1737360266225882079,1.76721,-0.756668,0,-1.00829
1.73736e+09,1737360266325893909,1.76725,-0.75665,0,-1.00869
1.73736e+09,1737360266425894904,1.76735,-0.756541,0,-1.00929
1.73736e+09,1737360266525889493,1.76712,-0.756509,0,-1.00907
1.73736e+09,1737360266625902364,1.76712,-0.756509,0,-1.00907
1.73736e+09,1737360266725890443,1.76748,-0.756831,0,-1.01072
1.73736e+09,1737360266825895866,1.7674,-0.756623,0,-1.00982
1.73736e+09,1737360266925893059,1.7674,-0.756623,0,-1.00982
1.73736e+09,1737360267025884627,1.76733,-0.756627,0,-1.00934
1.73736e+09,1737360267125895414,1.76734,-0.75651,0,-1.00941
1.73736e+09,1737360267225891461,1.7673,-0.756565,0,-1.01002
1.73736e+09,1737360267325910582,1.76731,-0.756588,0,-1.00976
1.73736e+09,1737360267425901108,1.76732,-0.756571,0,-1.00941
1.73736e+09,1737360267525888092,1.76734,-0.75665,0,-1.00951
1.73736e+09,1737360267625895494,1.76734,-0.75665,0,-1.00951
1.73736e+09,1737360267725886749,1.76613,-0.757147,0,-0.991074
1.73736e+09,1737360267825894359,1.76734,-0.756624,0,-1.00914
1.73736e+09,1737360267926178591,1.76734,-0.756624,0,-1.00914
1.73736e+09,1737360268025886661,1.76733,-0.756695,0,-1.00967
1.73736e+09,1737360268125891145,1.76732,-0.75649,0,-1.00941
1.73736e+09,1737360268225888338,1.76731,-0.756618,0,-1.00897
1.73736e+09,1737360268325968241,1.76731,-0.756618,0,-1.00913
1.73736e+09,1737360268425935484,1.76731,-0.7566,0,-1.00941
1.73736e+09,1737360268525885540,1.76708,-0.756688,0,-1.0085
1.73736e+09,1737360268625896014,1.76715,-0.756668,0,-1.00876
1.73736e+09,1737360268725887477,1.76733,-0.756629,0,-1.00948
1.73736e+09,1737360268825884825,1.76737,-0.756592,0,-1.00961
1.73736e+09,1737360268925923946,1.76737,-0.756592,0,-1.00961
1.73736e+09,1737360269025888481,1.76731,-0.756629,0,-1.00929
1.73736e+09,1737360269125884996,1.76736,-0.756769,0,-1.00961
1.73736e+09,1737360269225898594,1.76759,-0.756672,0,-1.01085
1.73736e+09,1737360269325845524,1.76751,-0.756656,0,-1.01042
1.73736e+09,1737360269426038138,1.7673,-0.756525,0,-1.00956
1.73736e+09,1737360269525894857,1.76737,-0.757241,0,-1.00881
1.73736e+09,1737360269625886163,1.76737,-0.757241,0,-1.00881
1.73736e+09,1737360269725885490,1.76739,-0.756484,0,-1.00877
1.73736e+09,1737360269825886536,1.76739,-0.756484,0,-1.00877
1.73736e+09,1737360269925891228,1.76739,-0.756484,0,-1.00877
1.73736e+09,1737360270025889722,1.7672,-0.756522,0,-1.00941
1.73736e+09,1737360270125892747,1.76639,-0.757222,0,-0.992255
1.73736e+09,1737360270225882855,1.76707,-0.756364,0,-1.00847
1.73736e+09,1737360270325897390,1.76714,-0.756438,0,-1.00874
1.73736e+09,1737360270425898488,1.76742,-0.756785,0,-1.01004
1.73736e+09,1737360270525889481,1.76727,-0.756633,0,-1.00908
1.73736e+09,1737360270627420101,1.76728,-0.75663,0,-1.00914
1.73736e+09,1737360270725899177,1.76733,-0.756547,0,-1.00941
1.73736e+09,1737360270825910587,1.76732,-0.756658,0,-1.00941
1.73736e+09,1737360270925894497,1.76732,-0.756658,0,-1.00941
1.73736e+09,1737360271025935700,1.76729,-0.756611,0,-1.00916
1.73736e+09,1737360271125887212,1.76735,-0.756478,0,-1.00941
1.73736e+09,1737360271225882840,1.76728,-0.756521,0,-1.00941
1.73736e+09,1737360271325884250,1.7673,-0.756553,0,-1.00941
1.73736e+09,1737360271425890764,1.76734,-0.756795,0,-1.00953
1.73736e+09,1737360271525888840,1.76629,-0.757269,0,-0.991958
1.73736e+09,1737360271625895458,1.76629,-0.757269,0,-0.991958
1.73736e+09,1737360271725894420,1.76737,-0.756563,0,-1.01021
1.73736e+09,1737360271825883173,1.76731,-0.756625,0,-1.00941
1.73736e+09,1737360271925925313,1.76731,-0.756625,0,-1.00941
1.73736e+09,1737360272025889898,1.76629,-0.757292,0,-0.991675
1.73736e+09,1737360272125883390,1.76737,-0.756518,0,-1.00941
1.73736e+09,1737360272225887821,1.76749,-0.757099,0,-1.01072
1.73736e+09,1737360272325892094,1.76741,-0.756878,0,-1.01012
1.73736e+09,1737360272425894181,1.76728,-0.756538,0,-1.00941
1.73736e+09,1737360272525889756,1.76725,-0.756781,0,-1.0099
1.73736e+09,1737360272625902207,1.76725,-0.756781,0,-1.0099
1.73736e+09,1737360272725908825,1.7674,-0.756625,0,-1.00941
1.73736e+09,1737360272825889296,1.7674,-0.75672,0,-1.00986
1.73736e+09,1737360272925905497,1.7674,-0.75672,0,-1.00986
1.73736e+09,1737360273025954408,1.76741,-0.756257,0,-1.00967
1.73736e+09,1737360273125886335,1.76734,-0.756599,0,-1.00975
1.73736e+09,1737360273227511279,1.76714,-0.756646,0,-1.00814
1.73736e+09,1737360273325886496,1.7672,-0.756637,0,-1.00857
1.73736e+09,1737360273425885977,1.76732,-0.756644,0,-1.00941
1.73736e+09,1737360273526382712,1.76733,-0.756366,0,-1.01035
1.73736e+09,1737360273625886867,1.76733,-0.756446,0,-1.01005
1.73736e+09,1737360273725894995,1.76737,-0.756561,0,-1.00973
1.73736e+09,1737360273825895518,1.76723,-0.756672,0,-1.00872
1.73736e+09,1737360273925893385,1.76723,-0.756672,0,-1.00872
1.73736e+09,1737360274025888595,1.76736,-0.756609,0,-1.0095
1.73736e+09,1737360274125899274,1.76741,-0.756824,0,-1.01021
1.73736e+09,1737360274225882557,1.76703,-0.756677,0,-1.00867
1.73736e+09,1737360274325884642,1.76716,-0.756651,0,-1.009
1.73736e+09,1737360274425882248,1.76736,-0.756684,0,-1.00927
1.73736e+09,1737360274525885740,1.76736,-0.756223,0,-1.00941
1.73736e+09,1737360274625894440,1.76736,-0.756224,0,-1.00941
1.73736e+09,1737360274725897358,1.76732,-0.756652,0,-1.00969
1.73736e+09,1737360274825888818,1.76722,-0.756571,0,-1.00941
1.73736e+09,1737360274925892205,1.76722,-0.756571,0,-1.00941
1.73736e+09,1737360275025915229,1.76735,-0.756564,0,-1.00941
1.73736e+09,1737360275125922626,1.76733,-0.756989,0,-1.00848
1.73736e+09,1737360275225886741,1.76728,-0.756442,0,-1.01018
1.73736e+09,1737360275325890596,1.7673,-0.756502,0,-1.00992
1.73736e+09,1737360275425871639,1.76741,-0.756612,0,-1.00991
1.73736e+09,1737360275525882994,1.76732,-0.756614,0,-1.00929
1.73736e+09,1737360275625887631,1.76732,-0.756614,0,-1.00929
1.73736e+09,1737360275725884664,1.76749,-0.756836,0,-1.00971
1.73736e+09,1737360275825878363,1.76728,-0.756273,0,-1.00975
1.73736e+09,1737360275925883833,1.76728,-0.756299,0,-1.00972
1.73736e+09,1737360276025894615,1.76751,-0.756831,0,-1.00941
1.73736e+09,1737360276125873574,1.76731,-0.756781,0,-1.01105
1.73736e+09,1737360276225879877,1.76735,-0.756298,0,-1.00784
1.73736e+09,1737360276325899774,1.76734,-0.756401,0,-1.00835
1.73736e+09,1737360276425905764,1.76723,-0.756573,0,-1.00911
1.73736e+09,1737360276525883212,1.76734,-0.75665,0,-1.00965
1.73736e+09,1737360276625882223,1.76734,-0.75665,0,-1.00965
1.73736e+09,1737360276725894256,1.76656,-0.757055,0,-0.994418
1.73736e+09,1737360276825878943,1.76738,-0.756603,0,-1.0096
1.73736e+09,1737360276925872746,1.76738,-0.756603,0,-1.0096
1.73736e+09,1737360277025894935,1.76733,-0.756636,0,-1.00927
1.73736e+09,1737360277125881549,1.7671,-0.756638,0,-1.00821
1.73736e+09,1737360277225899362,1.76735,-0.756677,0,-1.00972
1.73736e+09,1737360277325883112,1.76734,-0.756654,0,-1.0096
1.73736e+09,1737360277425892956,1.76746,-0.756618,0,-1.00941
1.73736e+09,1737360277525889988,1.76686,-0.756201,0,-1.00907
1.73736e+09,1737360277625879363,1.76687,-0.756213,0,-1.00908
1.73736e+09,1737360277726364325,1.76745,-0.756975,0,-1.00885
1.73736e+09,1737360277825918791,1.76731,-0.756505,0,-1.00957
1.73736e+09,1737360277925891968,1.76731,-0.756505,0,-1.00957
1.73736e+09,1737360278026049785,1.76733,-0.756587,0,-1.00951
1.73736e+09,1737360278125998689,1.76733,-0.756587,0,-1.00951
1.73736e+09,1737360278225915405,1.76733,-0.756587,0,-1.00951
1.73736e+09,1737360278325888061,1.76733,-0.756587,0,-1.00951
1.73736e+09,1737360278426493129,1.76733,-0.756587,0,-1.00951
